date,000300,000688,000922,000015,399989,931071,000069,930781,399975,SPY,QQQ,EWQ,EWG,EWJ,EEM,HSTECH,399967,931066,930598,000819,950125,931637,399986,930633,931946,980032
2025-07-31,4.0474787276012725,1.101,1.350000859873159,3.066743454637315,0.369,0.5799228229747005,0.549,1.03,1.198,2.202,1.58,1.724,1.364,1.431,1.012,0.741,1.186,0.712,1.397,1.2157675855983479,0.365217802768391,0.5659593010152207,0.848,0.684,,0.72
2025-08-01,4.026048033977391,1.091,1.350000859873159,3.0638782318519175,0.367,0.573451581173266,0.546,1.043,1.191,2.172,1.547,1.682,1.334,1.404,1.009,0.74,1.167,0.699,1.369,1.21082141966833,0.36255197939051953,0.5639559052594146,0.853,0.681,,0.719
2025-08-04,4.044556360288925,1.104,1.353822518358292,3.0772492715171067,0.367,0.5764383081585435,0.548,1.047,1.193,2.148,1.524,1.671,1.327,1.409,1.008,0.744,1.199,0.72,1.381,1.2315953165744045,0.36621748653509273,0.5679626967710268,0.858,0.681,,0.72
2025-08-05,4.074754155849849,1.109,1.3681537376775397,3.107811647894682,0.368,0.5799228229747005,0.552,1.051,1.205,2.187,1.552,1.687,1.346,1.423,1.014,0.747,1.205,0.72,1.39,1.236541482504422,0.36788362614626247,0.570967790404736,0.871,0.685,,0.721
2025-08-06,4.085469502661789,1.113,1.3767524692690887,3.1202276132980717,0.368,0.589878579592292,0.553,1.055,1.21,2.174,1.541,1.688,1.354,1.431,1.015,0.749,1.247,0.736,1.403,1.2503907471084716,0.3685500819907303,0.5729711861605421,0.87,0.682,,0.725
2025-08-07,4.08449538022434,1.112,1.379618713132938,3.1316885044396625,0.369,0.5863940647761349,0.549,1.06,1.209,2.174,1.556,1.692,1.359,1.436,1.016,0.75,1.238,0.727,1.447,1.2672077112705316,0.36788362614626247,0.569966092526833,0.874,0.684,,0.724
2025-08-08,4.074754155849849,1.096,1.383440371618071,3.1307334301778633,0.366,0.5764383081585435,0.549,1.047,1.199,2.174,1.561,1.708,1.373,1.461,1.011,0.738,1.234,0.721,1.444,1.2830354422465882,0.36355166315722126,0.5634550563204632,0.87,0.687,,0.722
2025-08-11,4.093262482161383,1.103,1.3786632985116551,3.113542093465477,0.372,0.5908741552540511,0.552,1.051,1.215,2.192,1.578,1.719,1.378,1.478,1.014,0.74,1.241,0.727,1.458,1.2909493077346166,0.3645513469239231,0.5634550563204632,0.863,0.689,,0.745
2025-08-12,4.118589665535061,1.124,1.3843957862393543,3.1307334301778633,0.373,0.6117812441509931,0.553,1.046,1.221,2.187,1.574,1.706,1.367,1.484,1.022,0.737,1.234,0.715,1.432,1.2850139086185952,0.36821685406849636,0.5604499626867541,0.865,0.689,,0.74
2025-08-13,4.152683950845782,1.133,1.3767524692690887,3.111631944941879,0.379,0.6401551505111286,0.558,1.057,1.242,2.204,1.592,1.721,1.373,1.51,1.024,0.758,1.25,0.721,1.456,1.3127124378266943,0.3732152729020054,0.5809847691837664,0.857,0.69,,0.749
2025-08-14,4.145865093783638,1.142,1.3633766645711238,3.091575385444095,0.374,0.6376662113567307,0.557,1.038,1.241,2.203,1.589,1.725,1.374,1.496,1.028,0.753,1.229,0.709,1.456,1.3057878055246697,0.3688833099129642,0.5824873160006211,0.856,0.684,,0.742
2025-08-15,4.183855868844155,1.158,1.3671983230562565,3.0858449398732994,0.378,0.6441374531581652,0.561,1.052,1.3,2.217,1.593,1.75,1.392,1.523,1.025,0.754,1.243,0.712,1.52,1.3315078683607617,0.3768807800465786,0.5869949564511847,0.844,0.692,,0.759
2025-08-18,4.215027786842528,1.183,1.364332079192407,3.078204345778906,0.381,0.6700224203639029,0.565,1.113,1.317,2.203,1.582,1.753,1.384,1.527,1.032,0.762,1.27,0.724,1.587,1.3374432674767829,0.38821052940253237,0.5995161799249729,0.846,0.7,,0.77
2025-08-19,4.193597093218647,1.17,1.3614658353285574,3.0724739002081107,0.378,0.674502510841819,0.563,1.106,1.291,2.197,1.579,1.747,1.38,1.518,1.029,0.757,1.248,0.714,1.6,1.3295294019887547,0.37954660342445007,0.5980136331081183,0.847,0.7,,0.771
2025-08-20,4.251070317028147,1.208,1.3710199815413895,3.094440608229493,0.38,0.6904317214299653,0.573,1.098,1.303,2.185,1.557,1.75,1.374,1.501,1.028,0.756,1.257,0.719,1.626,1.341400200220797,0.3945418599249771,0.5915025969017484,0.851,0.707,,0.777
2025-08-21,4.264708031152436,1.208,1.3786632985116551,3.10972179641828,0.382,0.688440570106447,0.575,1.1,1.293,2.183,1.555,1.751,1.371,1.488,1.034,0.746,1.249,0.719,1.594,1.3364540342907794,0.3915428086248717,0.5834890138785241,0.855,0.708,,0.772
2025-08-22,4.363094397334802,1.323,1.3786632985116551,3.1068565736328826,0.385,0.7392149288561634,0.581,1.115,1.338,2.17,1.54,1.741,1.367,1.481,1.033,0.761,1.279,0.735,1.631,1.3532709984528395,0.4178678144813524,0.5905008990238454,0.852,0.71,,0.79
2025-08-25,4.44686892695543,1.356,1.388217444724487,3.1259580588688674,0.393,0.7780423796647699,0.594,1.125,1.352,2.2,1.56,1.756,1.377,1.494,1.038,0.793,1.304,0.753,1.742,1.4304311869611153,0.4185342703258203,0.6105348565819064,0.858,0.722,,0.803
2025-08-26,4.42348998845665,1.336,1.3853512008606372,3.1144971677272766,0.388,0.7700777743706967,0.591,1.131,1.335,2.191,1.555,1.712,1.362,1.478,1.029,0.786,1.295,0.742,1.697,1.4116357564270483,0.41920072617028814,0.6065280650702942,0.853,0.725,,0.801
2025-08-27,4.3591979075850045,1.337,1.3624212499498405,3.0638782318519175,0.38,0.7914826510985183,0.578,1.107,1.3,2.206,1.567,1.707,1.363,1.49,1.023,0.774,1.272,0.727,1.719,1.4017434245670128,0.41253616772560947,0.5980136331081183,0.838,0.709,,0.791
2025-08-28,4.441024192330734,1.433,1.3624212499498405,3.06101300906652,0.382,0.8537061299584647,0.58,1.112,1.326,2.194,1.561,1.713,1.363,1.503,1.019,0.767,1.299,0.739,1.789,1.427463487403105,0.4331962989041134,0.5889983522069908,0.842,0.717,,0.8
2025-08-29,4.481937334703599,1.412,1.3633766645711238,3.0457318208777324,0.387,0.8447459490026324,0.595,1.11,1.328,2.195,1.566,1.707,1.352,1.49,1.015,0.773,1.311,0.752,1.805,1.470000514401257,0.42086686578145777,0.5900000500848939,0.836,0.72,,0.845
2025-09-01,4.496549171265336,1.431,1.3605104207072742,3.028540484165346,0.397,0.8691375527157313,0.603,1.126,1.314,2.185,1.549,1.712,1.359,1.478,1.01,0.783,1.307,0.749,1.798,1.516494474143423,0.4338627547485812,0.599,0.826,0.721,,0.853
2025-09-02,4.471221987891658,1.394,1.3633766645711238,3.0428665980923344,0.393,0.8327990410615227,0.604,1.086,1.296,2.187,1.551,1.708,1.36,1.478,1.012,0.776,1.274,0.734,1.739,1.4947313440513452,0.41486876318124705,0.595,0.842,0.717,,0.848
2025-09-03,4.431282967956243,1.365,1.3519116891157255,3.01134914745296,0.388,0.831305677568884,0.603,1.081,1.25,2.177,1.548,1.693,1.333,1.462,1.008,0.768,1.202,0.685,1.709,1.4897851781213276,0.41686813071465056,0.594,0.83,0.71,,0.855
2025-09-04,4.3406895812734705,1.282,1.350956274494442,3.0294955584271457,0.376,0.7556419272751892,0.592,1.055,1.248,2.189,1.553,1.695,1.333,1.493,1.01,0.753,1.166,0.662,1.631,1.4284527205891082,0.3888769852470002,0.585,0.838,0.72,,0.847
2025-09-05,4.436153580143489,1.326,1.3557333476008582,3.019944815809153,0.387,0.8004428320543506,0.604,1.096,1.257,2.204,1.572,1.705,1.349,1.493,1.01,0.771,1.184,0.666,1.693,1.4907744113073311,0.40053996252518786,0.595,0.83,0.728,,0.932
2025-09-08,4.437127702580938,1.328,1.3662429084349734,3.0256752613799485,0.402,0.7805313188191677,0.614,1.131,1.248,2.195,1.571,1.704,1.345,1.513,1.011,0.78,1.193,0.674,1.705,1.4878067117493206,0.4082042047365684,0.6,0.826,0.735,,0.951
2025-09-09,4.41082639676981,1.307,1.3681537376775397,3.027585409903547,0.392,0.7685844108780581,0.609,1.124,1.247,2.198,1.579,1.714,1.35,1.51,1.006,0.784,1.168,0.666,1.677,1.4986882767953593,0.39420863200274314,0.607,0.832,0.731,,0.941
2025-09-10,4.420567621144302,1.321,1.3624212499498405,3.0266303356417477,0.392,0.7904870754367591,0.605,1.145,1.245,2.207,1.583,1.715,1.346,1.523,1.013,0.798,1.178,0.67,1.663,1.4838497790053065,0.3945418599249771,0.615,0.833,0.734,,0.93
2025-09-11,4.5394105585131,1.393,1.369109152298823,3.0314057069507436,0.395,0.8512171908040668,0.607,1.144,1.284,2.21,1.58,1.709,1.337,1.537,1.018,0.802,1.203,0.682,1.719,1.5075913754693913,0.4105368001922059,0.618,0.837,0.733,,0.947
2025-09-12,4.501419783452583,1.406,1.3605104207072742,3.0170795930237553,0.393,0.8462393124952711,0.604,1.158,1.266,2.222,1.587,1.728,1.344,1.553,1.026,0.809,1.2,0.682,1.765,1.5451822365375258,0.4142023073367792,0.625,0.824,0.732,,0.944
2025-09-15,4.509212762952175,1.409,1.3576441768434246,3.0008433305731685,0.395,0.8427547976791141,0.604,1.191,1.262,2.229,1.597,1.733,1.347,1.551,1.028,0.816,1.191,0.676,1.752,1.535,0.4135358514923113,0.627,0.816,0.732,,0.967
2025-09-16,4.500445661015133,1.426,1.3566887622221413,2.9941578107405737,0.397,0.8586840082672604,0.606,1.183,1.263,2.238,1.608,1.743,1.35,1.557,1.03,0.824,1.185,0.671,1.73,1.515,0.41520199110348094,0.629,0.808,0.744,,0.97
2025-09-17,4.532591701450955,1.44,1.3605104207072742,3.0075288504057633,0.397,0.8566928569437422,0.612,1.173,1.269,2.23,1.601,1.739,1.338,1.557,1.033,0.857,1.19,0.674,1.76,1.518,0.43286307098187937,0.651,0.805,0.744,,0.99
2025-09-18,4.475118477641455,1.45,1.3394912990390437,2.9569099145304043,0.392,0.8621685230834174,0.606,1.143,1.232,2.241,1.61,1.726,1.334,1.575,1.03,0.844,1.184,0.67,1.726,1.464,0.4458589599490028,0.637,0.79,0.744,,0.982
2025-09-19,4.484859702015947,1.431,1.3480900306305927,2.973146176980991,0.388,0.8532083421275851,0.604,1.163,1.221,2.252,1.615,1.736,1.345,1.552,1.025,0.846,1.195,0.686,1.688,1.483,0.4425266807266635,0.641,0.792,0.76,,0.978
2025-09-22,4.499471538577684,1.479,1.3394912990390437,2.948314246174211,0.386,0.883573399811239,0.602,1.137,1.234,2.269,1.626,1.728,1.336,1.57,1.026,0.849,1.201,0.689,1.707,1.497,0.44819155540464034,0.638,0.784,0.748,,0.985
2025-09-23,4.502393905890031,1.475,1.3433129575241765,2.965505582886597,0.379,0.8845689754729981,0.595,1.12,1.212,2.288,1.644,1.738,1.342,1.593,1.023,0.834,1.192,0.684,1.672,1.483,0.46885168658314424,0.631,0.794,0.721,,0.998
2025-09-24,4.5423329258254475,1.53,1.3480900306305927,2.9712360284573927,0.385,0.8980092469067465,0.598,1.143,1.224,2.28,1.636,1.742,1.341,1.595,1.022,0.854,1.203,0.691,1.689,1.503,0.5115048606290876,0.648,0.792,0.722,,1.028
2025-09-25,4.57350484382382,1.548,1.3414021282816102,2.9578649887922035,0.388,0.9224008506198454,0.599,1.163,1.224,2.27,1.628,1.722,1.34,1.581,1.016,0.865,1.2,0.687,1.702,1.533,0.5058399859511108,0.654,0.788,0.719,,1.041
2025-09-26,4.530643456576057,1.524,1.3442683721454598,2.9588200630540027,0.382,0.8885512781200346,0.594,1.142,1.219,2.265,1.624,1.718,1.331,1.57,1.01,0.851,1.196,0.693,1.683,1.532,0.5065064417955787,0.637,0.789,0.713,,1.026
2025-09-29,4.605650884259642,1.543,1.3519116891157255,2.9540446917450063,0.384,0.9000003982302648,0.599,1.149,1.28,2.281,1.637,1.739,1.346,1.578,1.008,0.857,1.2,0.697,1.723,1.595,0.5201687866071699,0.642,0.786,0.717,,1.076
2025-09-30,4.618314475946482,1.57,1.350000859873159,2.9435388748652147,0.392,0.91,0.607,1.159,1.263,2.284,1.643,1.739,1.343,1.584,1.007,0.876,1.234,0.727,1.757,1.653,0.519502330762702,0.655,0.778,0.719,,1.112
2025-10-09,4.691373658755169,1.618,1.3566887622221413,2.963595434362999,0.394,0.919,0.604,1.118,1.267,2.322,1.678,1.761,1.38,1.67,1.017,0.876,1.248,0.735,1.886,1.797,0.534830815185463,0.646,0.777,0.704,,1.136
2025-10-10,4.5968837823226005,1.528,1.3710199815413895,2.9951128850023734,0.386,0.874,0.596,1.106,1.27,2.329,1.682,1.75,1.373,1.651,1.012,0.849,1.233,0.732,1.825,1.732,0.5165032794625967,0.624,0.78,0.704,,1.057
2025-10-13,4.570582476511473,1.546,1.3681537376775397,2.99893318204957,0.378,0.865,0.584,1.087,1.254,2.294,1.652,1.737,1.363,1.636,1.01,0.828,1.249,0.736,1.952,1.799,0.5344975872632292,0.607,0.787,0.696,,1.073
2025-10-14,4.5247987219513615,1.481,1.3805741277542214,3.0600579348047208,0.373,0.82,0.578,1.069,1.248,2.263,1.637,1.719,1.35,1.62,1.007,0.805,1.233,0.722,1.897,1.728,0.4998418833509,0.59,0.806,0.699,,1.022
2025-10-15,4.584220190635762,1.501,1.3863066154819206,3.062923157590118,0.378,0.837,0.585,1.084,1.265,2.289,1.655,1.766,1.363,1.65,1.013,0.822,1.23,0.719,1.892,1.744,0.49684283205079466,0.605,0.81,0.711,,1.043
2025-10-16,4.598832027197499,1.487,1.3949053470734694,3.0934855339676934,0.377,0.837,0.588,1.074,1.259,2.285,1.664,1.777,1.361,1.672,1.026,0.811,1.218,0.713,1.836,1.704,0.48917858983941415,0.598,0.822,0.71,,1.041
2025-10-17,4.50434215076493,1.433,1.3824849569967879,3.0839347913497015,0.368,0.811,0.576,1.045,1.233,2.263,1.637,1.783,1.348,1.647,1.021,0.785,1.177,0.687,1.791,1.671,0.46885168658314424,0.577,0.821,0.708,,0.998
2025-10-20,4.519928109764116,1.437,1.3939499324521862,3.10972179641828,0.368,0.825,0.578,1.061,1.235,2.321,1.67,1.813,1.354,1.719,1.037,0.802,1.18,0.687,1.791,1.648,0.46851845866091024,0.59,0.819,0.726,,1.013
2025-10-21,4.588116680385558,1.477,1.396,3.1020812023238866,0.372,0.86,0.583,1.074,1.246,2.326,1.684,1.815,1.359,1.727,1.038,0.821,1.196,0.689,1.815,1.674,0.4785152963279283,0.601,0.822,0.727,,1.03
2025-10-22,4.57350484382382,1.476,1.4,3.1068565736328826,0.37,0.862,0.578,1.071,1.234,2.348,1.706,1.825,1.372,1.753,1.048,0.805,1.182,0.679,1.784,1.652,0.4758494729500568,0.591,0.829,0.724,,1.017
2025-10-23,4.5910390476979055,1.473,1.409,3.1307334301778633,0.37,0.853,0.58,1.083,1.245,2.352,1.699,1.829,1.355,1.746,1.048,0.811,1.178,0.679,1.777,1.671,0.4745165612611211,0.597,0.834,0.731,,1.03
2025-10-24,4.6465640266325074,1.535,1.402,3.1125870192036778,0.372,0.9,0.581,1.077,1.257,2.36,1.736,1.842,1.358,1.749,1.049,0.818,1.208,0.694,1.818,1.7,0.49717605997302855,0.599,0.829,0.721,,1.047
2025-10-27,4.7011148831296605,1.558,1.41,3.1250029846070677,0.374,0.919,0.584,1.073,1.272,2.415,1.779,1.855,1.363,1.815,1.054,0.835,1.222,0.701,1.868,1.741,0.514837139851427,0.609,0.83,0.721,,1.056
2025-10-28,4.67773594463088,1.545,1.402,3.1202276132980717,0.372,0.915,0.579,1.074,1.264,2.421,1.783,1.835,1.358,1.822,1.042,0.823,1.236,0.708,1.838,1.686,0.515170367773661,0.601,0.829,0.721,,1.064
2025-10-29,4.736183290877831,1.565,1.402,3.103036276585686,0.375,0.92,0.582,1.08,1.292,2.468,1.819,1.834,1.353,1.882,1.052,0.831,1.243,0.713,1.885,1.764,0.515170367773661,0.607,0.813,0.726,,1.108
2025-10-30,4.698192515817314,1.535,1.397,3.1020812023238866,0.367,0.897,0.574,1.062,1.267,2.473,1.8,1.827,1.353,1.873,1.04,0.812,1.219,0.699,1.902,1.784,0.5068396697178126,0.594,0.812,0.727,,1.115
2025-10-31,4.63292631250822,1.488,1.398,3.094440608229493,0.37,0.861,0.579,1.099,1.254,2.454,1.796,1.806,1.344,1.928,1.044,0.802,1.204,0.688,1.845,1.744,0.48484662685037305,0.592,0.813,0.734,,1.11
2025-11-03,4.6397451695703635,1.47,1.408,3.1355088014868593,0.369,0.86,0.575,1.143,1.249,2.479,1.793,1.804,1.346,1.963,1.042,0.804,1.212,0.689,1.823,1.719,0.4785152963279283,0.597,0.823,0.747,,1.089
2025-11-04,4.606625006697092,1.455,1.414,3.1641610293408364,0.363,0.848,0.567,1.137,1.243,2.415,1.766,1.786,1.341,1.85,1.053,0.791,1.195,0.679,1.799,1.667,0.48517985477260694,0.584,0.84,0.748,,1.055
2025-11-05,4.612469741321787,1.46,1.421,3.172756697697029,0.363,0.841,0.566,1.141,1.24,2.388,1.743,1.775,1.335,1.805,1.047,0.783,1.193,0.68,1.794,1.674,0.4831804872392033,0.578,0.84,0.756,,1.076
2025-11-06,4.680658311943228,1.509,1.426,3.1765769947442264,0.362,0.874,0.569,1.116,1.254,2.389,1.776,1.792,1.346,1.847,1.048,0.8,1.203,0.689,1.822,1.728,0.500175111273134,0.588,0.836,0.745,,1.101
2025-11-07,4.6709170875687365,1.487,1.426,3.1813523660532224,0.361,0.857,0.566,1.107,1.244,2.384,1.758,1.771,1.335,1.819,1.05,0.79,1.195,0.684,1.816,1.738,0.5035073904954732,0.571,0.835,0.751,,1.121
2025-11-10,4.682606556818127,1.478,1.438,3.2052292225982026,0.367,0.843,0.575,1.117,1.26,2.424,1.786,1.794,1.343,1.856,1.053,0.798,1.193,0.687,1.795,1.746,0.5121713164735555,0.582,0.839,0.796,,1.101
2025-11-11,4.6397451695703635,1.457,1.434,3.19663355424201,0.365,0.825,0.573,1.11,1.245,2.43,1.798,1.805,1.35,1.866,1.048,0.797,1.181,0.68,1.774,1.722,0.505173530106643,0.58,0.843,0.803,,1.094
2025-11-12,4.641693414445261,1.449,1.437,3.2090495196454,0.366,0.826,0.576,1.099,1.238,2.463,1.81,1.836,1.37,1.859,1.058,0.802,1.17,0.675,1.746,1.723,0.5015080229620696,0.583,0.848,0.797,,1.079
2025-11-13,4.687477169005373,1.469,1.44,3.2100045939071995,0.368,0.832,0.58,1.107,1.248,2.488,1.81,1.837,1.375,1.859,1.058,0.81,1.179,0.677,1.786,1.794,0.5025077067287715,0.588,0.846,0.807,,1.156
2025-11-14,4.618314475946482,1.431,1.433,3.197588628503809,0.365,0.807,0.575,1.097,1.232,2.448,1.767,1.828,1.357,1.821,1.046,0.786,1.174,0.675,1.76,1.76,0.4918444132172856,0.574,0.849,0.795,,1.121
2025-11-17,4.588116680385558,1.422,1.424,3.179442217529624,0.358,0.812,0.569,1.104,1.218,2.454,1.766,1.812,1.355,1.778,1.053,0.775,1.188,0.683,1.768,1.751,0.48517985477260694,0.567,0.838,0.796,,1.138
2025-11-18,4.56181537457443,1.427,1.406,3.1364638757486585,0.357,0.817,0.567,1.108,1.22,2.399,1.707,1.771,1.324,1.702,1.048,0.761,1.172,0.671,1.735,1.702,0.49284409698398746,0.559,0.834,0.784,,1.092
2025-11-19,4.575453088698719,1.413,1.407,3.151745063937446,0.354,0.816,0.564,1.081,1.221,2.359,1.704,1.778,1.315,1.723,1.054,0.756,1.178,0.676,1.748,1.75,0.4878456781504784,0.553,0.842,0.779,,1.102
2025-11-20,4.554996517512286,1.396,1.404,3.151745063937446,0.351,0.816,0.561,1.066,1.217,2.413,1.759,1.793,1.329,1.76,1.066,0.747,1.165,0.666,1.748,1.742,0.47684915671675865,0.546,0.849,0.769,,1.08
2025-11-21,4.44589480451798,1.351,1.382,3.108766722156481,0.344,0.781,0.553,1.065,1.173,2.355,1.708,1.754,1.303,1.7,1.053,0.733,1.142,0.655,1.659,1.65,0.455189341771553,0.541,0.84,0.751,,1.015
2025-11-24,4.439075947455836,1.36,1.374,3.0820246428261027,0.348,0.781,0.555,1.091,1.175,2.39,1.717,1.784,1.32,1.715,1.056,0.746,1.188,0.681,1.671,1.638,0.45852162099389226,0.553,0.835,0.753,,1.007
2025-11-25,4.478040844953803,1.369,1.381,3.09730583101489,0.347,0.796,0.559,1.109,1.179,2.404,1.751,1.774,1.315,1.706,1.055,0.751,1.182,0.677,1.688,1.674,0.4595213047605941,0.558,0.846,0.753,,1.027
2025-11-26,4.506290395639828,1.382,1.373,3.0810695685643035,0.348,0.823,0.561,1.101,1.176,2.447,1.777,1.818,1.346,1.74,1.06,0.757,1.16,0.661,1.681,1.674,0.4628535839829334,0.559,0.839,0.753,,1.024
2025-11-27,4.502393905890031,1.379,1.375,3.0848898656115002,0.345,0.823,0.558,1.083,1.175,2.433,1.774,1.805,1.345,1.75,1.057,0.752,1.158,0.658,1.677,1.676,0.46018776060506195,0.552,0.842,0.747,,1.024
2025-11-28,4.51505749757687,1.393,1.378,3.0848898656115002,0.346,0.826,0.559,1.088,1.18,2.463,1.79,1.807,1.346,1.747,1.049,0.753,1.172,0.664,1.706,1.704,0.4745165612611211,0.554,0.836,0.75,,1.041
2025-12-01,4.565711864324228,1.404,1.388,3.099215979538489,0.348,0.846,0.564,1.105,1.183,2.46,1.782,1.798,1.339,1.721,1.057,0.757,1.184,0.668,1.746,1.756,0.47618270087229075,0.556,0.842,0.775,,1.052
2025-12-02,4.545255293137795,1.387,1.386,3.103036276585686,0.343,0.838,0.559,1.082,1.172,2.46,1.78,1.802,1.336,1.713,1.052,0.752,1.181,0.666,1.718,1.731,0.4695181424276121,0.548,0.841,0.772,,1.036
2025-12-03,4.5247987219513615,1.375,1.384,3.0953956824912923,0.341,0.83,0.557,1.056,1.161,2.469,1.799,1.804,1.344,1.725,1.051,0.743,1.169,0.656,1.719,1.742,0.46651909112750667,0.541,0.834,0.771,,1.022
2025-12-04,4.536488191200752,1.394,1.379,3.0829797170879023,0.341,0.84,0.555,1.053,1.164,2.461,1.798,1.819,1.348,1.772,1.049,0.752,1.176,0.663,1.705,1.748,0.48118111970579974,0.547,0.831,0.76,,1.031
2025-12-05,4.576427211136168,1.394,1.382,3.0810695685643035,0.344,0.839,0.558,1.058,1.194,2.451,1.797,1.815,1.356,1.757,1.047,0.762,1.204,0.673,1.744,1.793,0.4815143476280337,0.552,0.827,0.758,,1.036
2025-12-08,4.6095473740094395,1.42,1.374,3.065788380375516,0.345,0.863,0.558,1.063,1.217,2.444,1.791,1.806,1.353,1.752,1.044,0.762,1.216,0.681,1.76,1.806,0.48884536191718025,0.548,0.827,0.762,,1.058
2025-12-09,4.586168435510659,1.414,1.363,3.040956449568736,0.343,0.872,0.553,1.065,1.201,2.42,1.763,1.791,1.344,1.73,1.039,0.747,1.215,0.673,1.734,1.746,0.4861795385393088,0.542,0.826,0.747,,1.046
2025-12-10,4.580323700885964,1.415,1.363,3.028540484165346,0.343,0.866,0.558,1.071,1.206,2.443,1.777,1.787,1.356,1.718,1.037,0.748,1.225,0.68,1.735,1.764,0.4878456781504784,0.54,0.814,0.759,,1.046
2025-12-11,4.547203538012694,1.392,1.352,3.0132592959765585,0.34,0.848,0.556,1.05,1.19,2.432,1.762,1.781,1.35,1.698,1.034,0.742,1.22,0.679,1.726,1.751,0.48817890607271236,0.537,0.815,0.743,,1.039
2025-12-12,4.5725307213863715,1.418,1.353,3.0008433305731685,0.342,0.854,0.556,1.055,1.196,2.453,1.765,1.8,1.37,1.715,1.034,0.754,1.233,0.685,1.74,1.77,0.5125045443957895,0.547,0.813,0.745,,1.035
2025-12-15,4.546229415575244,1.389,1.361,3.0256752613799485,0.34,0.842,0.554,1.04,1.202,2.447,1.748,1.788,1.368,1.689,1.035,0.739,1.245,0.696,1.721,1.762,0.5055067580288769,0.535,0.815,0.749,,1.017
2025-12-16,4.500445661015133,1.361,1.347,2.99893318204957,0.338,0.824,0.55,1.01,1.193,2.42,1.722,1.787,1.357,1.653,1.024,0.722,1.226,0.689,1.672,1.715,0.5011747950398358,0.524,0.81,0.756,,0.997
2025-12-17,4.577401333573617,1.396,1.351,3.0017984048349677,0.343,0.849,0.555,1.023,1.218,2.435,1.741,1.798,1.355,1.671,1.025,0.729,1.226,0.687,1.711,1.775,0.5101719489401519,0.528,0.812,0.774,,1.028
2025-12-18,4.547203538012694,1.376,1.361,3.032360781212543,0.346,0.835,0.553,1.026,1.206,2.426,1.723,1.781,1.343,1.674,1.029,0.72,1.239,0.698,1.691,1.772,0.5005083391953679,0.521,0.827,0.772,,1.008
2025-12-19,4.566685986761676,1.38,1.363,3.0314057069507436,0.349,0.836,0.561,1.039,1.211,2.451,1.745,1.792,1.355,1.705,1.031,0.733,1.255,0.713,1.728,1.807,0.500175111273134,0.529,0.824,0.795,,1.018
2025-12-22,4.607599129134542,1.405,1.358,3.0170795930237553,0.347,0.852,0.563,1.029,1.211,2.456,1.781,1.805,1.368,1.725,1.049,0.737,1.262,0.713,1.762,1.847,0.5215016982961057,0.53,0.819,0.809,,1.031
2025-12-23,4.617340353509033,1.41,1.356,3.018034667285555,0.344,0.852,0.558,1.024,1.207,2.447,1.771,1.797,1.37,1.711,1.044,0.732,1.243,0.696,1.764,1.859,0.5278330288185504,0.527,0.82,0.787,,1.055
2025-12-24,4.6339004349456685,1.423,1.362,3.022810038594551,0.345,0.857,0.557,1.031,1.218,2.455,1.771,1.799,1.38,1.709,1.043,0.733,1.278,0.715,1.773,1.869,0.5311653080408898,0.527,0.82,0.79,,1.06
2025-12-25,4.642667536882711,1.422,1.366,3.0314057069507436,0.349,0.858,0.559,1.036,1.221,2.458,1.766,1.8,1.372,1.704,1.038,0.734,1.317,0.745,1.793,1.847,0.5314985359631237,0.526,0.819,0.787,,1.059
2025-12-26,4.660201740756796,1.419,1.372,3.0438216723541336,0.347,0.856,0.561,1.039,1.229,2.461,1.765,1.802,1.373,1.711,1.037,0.738,1.332,0.75,1.81,1.92,0.5255004333629129,0.528,0.816,0.798,,1.084
2025-12-29,4.6397451695703635,1.417,1.368,3.041911523830535,0.345,0.862,0.558,1.036,1.222,2.447,1.745,1.786,1.367,1.694,1.029,0.734,1.35,0.766,1.809,1.878,0.519835558684936,0.522,0.824,0.796,,1.063
2025-12-30,4.649486393944855,1.433,1.369,3.0447767466159332,0.342,0.873,0.557,1.047,1.216,2.439,1.744,1.782,1.364,1.685,1.026,0.742,1.34,0.759,1.82,1.909,0.5208352424516378,0.524,0.824,0.788,,1.078
2025-12-31,4.630003945195872,1.417,1.372,3.040001375306937,0.34,0.867,0.556,1.058,1.211,2.432,1.735,1.79,1.368,1.679,1.028,0.732,1.373,0.784,1.825,1.927,0.519502330762702,0.519,0.823,0.809,,1.07
2026-01-05,4.718649087003746,1.479,1.374,3.0371361525215392,0.358,0.9,0.567,1.073,1.235,2.468,1.756,1.812,1.378,1.715,1.04,0.759,1.407,0.801,1.866,1.981,0.5454941086969489,0.542,0.82,0.8,,1.091
2026-01-06,4.791708269812433,1.505,1.391,3.07342897446991,0.362,0.906,0.572,1.082,1.286,2.467,1.756,1.815,1.391,1.739,1.033,0.774,1.453,0.844,1.918,2.06,0.5618222768864116,0.551,0.825,0.801,,1.109
2026-01-07,4.774174065938348,1.52,1.391,3.086800014135099,0.362,0.909,0.573,1.088,1.267,2.465,1.757,1.82,1.391,1.722,1.033,0.76,1.44,0.832,1.983,2.068,0.6031425392434194,0.537,0.819,0.812,,1.104
2026-01-08,4.7371574133152805,1.531,1.387,3.0762941972553075,0.366,0.911,0.57,1.113,1.233,2.458,1.748,1.805,1.393,1.706,1.025,0.751,1.505,0.877,1.957,2.032,0.6014763996322496,0.532,0.811,0.809,,1.093
2026-01-09,4.758588106939161,1.554,1.392,3.0887101626586975,0.375,0.941,0.575,1.166,1.237,2.46,1.746,1.805,1.401,1.717,1.026,0.755,1.567,0.903,2.033,2.094,0.5991438041766122,0.541,0.808,0.811,,1.105
2026-01-12,4.7858635351877385,1.594,1.395,3.0858449398732994,0.381,1.005,0.577,1.283,1.254,2.458,1.742,1.829,1.408,1.746,1.019,0.772,1.682,0.979,2.143,2.118,0.6028093113211854,0.57,0.812,0.815,,1.097
2026-01-13,4.769303453751102,1.549,1.392,3.0839347913497015,0.387,0.97,0.575,1.233,1.246,2.46,1.757,1.835,1.425,1.769,1.018,0.772,1.552,0.906,2.053,2.141,0.579816584687044,0.567,0.815,0.804,,1.092
2026-01-14,4.740079780627627,1.579,1.382,3.0552825634957244,0.39,1.0,0.571,1.262,1.237,2.452,1.743,1.83,1.429,1.784,1.019,0.781,1.563,0.917,2.032,2.148,0.5938121574208692,0.581,0.804,0.803,,1.085
2026-01-15,4.74884688256467,1.573,1.377,3.0447767466159332,0.385,0.992,0.569,1.223,1.218,2.445,1.746,1.825,1.425,1.778,1.022,0.769,1.503,0.873,2.012,2.206,0.6208036191218178,0.57,0.795,0.808,,1.109
2026-01-16,4.733260923565483,1.593,1.367,3.020899890070952,0.375,0.988,0.568,1.161,1.208,2.455,1.742,1.811,1.415,1.778,1.023,0.768,1.495,0.861,2.023,2.175,0.6584583743342522,0.564,0.787,0.79,,1.112
2026-01-19,4.738,1.586,1.378,3.0361810782597396,0.372,0.966,0.567,1.155,1.203,2.441,1.726,1.772,1.388,1.751,1.023,0.76,1.526,0.893,2.034,2.177,0.650127676278404,0.553,0.784,0.825,,1.113
2026-01-20,4.724,1.56,1.4,3.0724739002081107,0.367,0.944,0.565,1.144,1.207,2.432,1.719,1.752,1.368,1.724,1.015,0.751,1.477,0.866,2.0,2.184,0.6457957132893628,0.548,0.79,0.835,,1.092
2026-01-21,4.73,1.616,1.39,3.057,0.368,0.955,0.563,1.141,1.201,2.427,1.714,1.766,1.37,1.728,1.013,0.756,1.479,0.869,2.032,2.253,0.6497944483561701,0.552,0.778,0.827,,1.108
2026-01-22,4.727,1.622,1.397,3.077,0.366,0.98,0.558,1.155,1.203,2.459,1.738,1.785,1.385,1.76,1.016,0.758,1.526,0.897,2.056,2.236,0.6371317873112805,0.551,0.775,0.825,,1.097
2026-01-23,4.704,1.635,1.397,3.069,0.371,0.977,0.561,1.184,1.2,2.434,1.734,1.791,1.389,1.75,1.017,0.763,1.574,0.924,2.113,2.293,0.6484615366672343,0.556,0.767,0.821,,1.121
2026-01-26,4.712,1.615,1.407,3.106,0.369,0.976,0.555,1.162,1.211,2.412,1.719,1.781,1.389,1.736,1.022,0.754,1.503,0.872,2.118,2.414,0.6244691262663912,0.549,0.771,0.809,,1.111
2026-01-27,4.71,1.64,1.398,3.081,0.363,0.99,0.551,1.158,1.197,2.424,1.734,1.795,1.403,1.754,1.03,0.759,1.525,0.889,2.085,2.391,0.6464621691338307,0.556,0.77,0.799,,1.094
2026-01-28,4.725,1.635,1.417,3.132,0.357,0.984,0.546,1.15,1.197,2.433,1.75,1.809,1.412,1.777,1.025,0.773,1.503,0.873,2.139,2.549,0.6507941321228718,0.565,0.765,0.791,,1.09
2026-01-29,4.768,1.589,1.435,3.166,0.362,0.977,0.56,1.182,1.212,2.425,1.743,1.796,1.401,1.762,1.015,0.764,1.473,0.857,2.15,2.595,0.6234694424996893,0.566,0.778,0.798,,1.073
2026-01-30,4.711,1.588,1.419,3.144,0.356,0.982,0.548,1.187,1.194,2.439,1.728,1.775,1.373,1.753,1.011,0.752,1.446,0.834,2.02,2.339,0.6208036191218178,0.553,0.775,0.798,,1.058
2026-02-02,4.6,1.528,1.379,3.046,0.348,0.954,0.54,1.163,1.178,2.364,1.693,1.753,1.346,1.713,0.996,0.722,1.42,0.819,1.918,2.105,0.5874808268984245,0.533,0.776,0.788,,1.03
2026-02-03,4.664,1.548,1.388,3.051,0.354,0.964,0.549,1.201,1.174,2.375,1.723,1.787,1.38,1.779,1.035,0.72,1.483,0.854,2.012,2.249,0.6071412743102266,0.53,0.768,0.799,,1.05
2026-02-04,4.707,1.531,1.424,3.15,0.36,0.924,0.557,1.163,1.191,2.375,1.714,1.781,1.377,1.774,1.031,0.71,1.485,0.861,2.012,2.253,0.6034757671656533,0.522,0.779,0.824,,1.064
2026-02-05,4.679,1.508,1.419,3.136,0.36,0.902,0.562,1.187,1.193,2.368,1.702,1.79,1.366,1.752,1.03,0.707,1.466,0.855,1.928,2.144,0.6018096275544836,0.52,0.792,0.837,,1.041
2026-02-06,4.649,1.499,1.414,3.126,0.358,0.889,0.558,1.187,1.186,2.326,1.67,1.787,1.36,1.755,1.024,0.701,1.44,0.838,1.958,2.153,0.5974776645654425,0.514,0.79,0.823,,1.06
2026-02-09,4.727,1.535,1.422,3.144,0.359,0.924,0.56,1.276,1.197,2.383,1.697,1.811,1.378,1.814,1.044,0.712,1.466,0.851,2.022,2.199,0.6104735535325659,0.522,0.792,0.837,,1.071
2026-02-10,4.733,1.55,1.43,3.156,0.362,0.934,0.56,1.397,1.196,2.394,1.698,1.812,1.388,1.887,1.049,0.713,1.469,0.851,2.041,2.195,0.6111400093770338,0.519,0.794,0.832,,1.067
2026-02-11,4.723,1.533,1.439,3.183,0.36,0.921,0.56,1.316,1.194,2.395,1.695,1.816,1.395,1.937,1.052,0.717,1.458,0.839,2.087,2.256,0.6061415905435248,0.524,0.796,0.822,,1.09
2026-02-12,4.727,1.559,1.436,3.18,0.358,0.939,0.557,1.267,1.185,2.389,1.695,1.899,1.442,1.912,1.049,0.708,1.478,0.847,2.128,2.271,0.6068080463879926,0.513,0.784,0.805,,1.101
2026-02-13,4.671,1.548,1.416,3.137,0.353,0.935,0.552,1.282,1.174,2.382,1.688,1.905,1.43,1.933,1.044,0.708,1.483,0.859,2.064,2.193,0.6134726048326713,0.51,0.779,0.8,,1.088
2026-02-24,4.716,1.543,1.434,3.19,0.353,0.923,0.549,1.182,1.172,2.385,1.677,1.983,1.451,1.925,1.05,0.687,1.501,0.867,2.107,2.26,0.6161384282105428,0.488,0.777,0.773,,1.095
2026-02-25,4.75,1.552,1.443,3.194,0.356,0.921,0.551,1.18,1.179,2.382,1.677,1.963,1.442,1.947,1.061,0.684,1.526,0.877,2.235,2.347,0.6461289412115968,0.486,0.774,0.776,,1.118
2026-02-26,4.735,1.564,1.439,3.195,0.352,0.943,0.544,1.163,1.166,2.384,1.683,2.007,1.456,1.938,1.051,0.667,1.552,0.89,2.216,2.329,0.6557925509563808,0.475,0.772,0.77,,1.097
2026-02-27,4.725,1.566,1.454,3.232,0.354,0.95,0.544,1.164,1.169,2.387,1.674,2.039,1.47,1.94,1.053,0.67,1.55,0.886,2.307,2.41,0.6417969782225557,0.476,0.773,0.775,,1.1
2026-03-02,4.739,1.544,1.472,3.303,0.348,0.935,0.535,1.121,1.154,2.358,1.653,1.952,1.415,1.913,1.04,0.652,1.588,0.924,2.301,2.498,0.6264684937997946,0.457,0.777,0.751,,1.101
2026-03-03,4.678,1.464,1.485,3.367,0.339,0.897,0.526,1.072,1.144,2.367,1.639,1.882,1.371,1.834,1.022,0.634,1.479,0.858,2.143,2.362,0.5941453853431031,0.45,0.784,0.739,,1.068
2026-03-04,4.61,1.459,1.461,3.304,0.334,0.882,0.519,1.064,1.115,2.338,1.624,1.826,1.321,1.775,0.994,0.625,1.497,0.873,2.17,2.345,0.5894801944318281,0.441,0.775,0.732,,1.067
2026-03-05,4.654,1.482,1.46,3.291,0.334,0.901,0.52,1.074,1.117,2.361,1.654,1.86,1.348,1.834,1.002,0.626,1.508,0.876,2.161,2.326,0.5954782970320389,0.442,0.783,0.727,,1.069
2026-03-06,4.667,1.491,1.461,3.285,0.342,0.908,0.527,1.083,1.131,2.35,1.655,1.859,1.353,1.829,1.001,0.643,1.523,0.885,2.142,2.279,0.5881472827428923,0.453,0.784,0.738,,1.064
2026-03-09,4.629,1.465,1.464,3.309,0.337,0.913,0.521,1.085,1.112,2.294,1.614,1.785,1.305,1.766,0.973,0.639,1.493,0.866,2.118,2.257,0.5714858866311957,0.449,0.778,0.72,,1.073
2026-03-10,4.683,1.495,1.453,3.27,0.342,0.929,0.53,1.096,1.12,2.311,1.645,1.802,1.336,1.785,0.993,0.651,1.511,0.879,2.141,2.279,0.5831488639093834,0.461,0.779,0.73,,1.094
2026-03-11,4.711,1.477,1.472,3.313,0.343,0.914,0.531,1.093,1.123,2.313,1.648,1.796,1.331,1.801,0.992,0.654,1.489,0.863,2.121,2.271,0.5768175333869386,0.458,0.786,0.724,,1.123
2026-03-12,4.694,1.456,1.491,3.381,0.34,0.899,0.526,1.082,1.121,2.318,1.644,1.794,1.323,1.791,0.986,0.649,1.457,0.843,2.115,2.254,0.57015297494226,0.452,0.793,0.723,,1.129
2026-03-13,4.677,1.45,1.485,3.364,0.338,0.88,0.525,1.064,1.112,2.286,1.626,1.766,1.312,1.77,0.974,0.646,1.414,0.815,2.068,2.193,0.5624887327308795,0.451,0.795,0.724,,1.124
2026-03-16,4.68,1.458,1.474,3.335,0.339,0.89,0.529,1.073,1.106,2.279,1.631,1.764,1.31,1.767,0.964,0.665,1.415,0.81,2.023,2.126,0.5744849379313011,0.462,0.797,0.728,,1.13
2026-03-17,4.646,1.428,1.465,3.309,0.339,0.865,0.53,1.053,1.118,2.283,1.62,1.73,1.291,1.737,0.969,0.662,1.376,0.79,1.968,2.091,0.5568238580529027,0.462,0.804,0.727,,1.102
2026-03-18,4.662,1.445,1.456,3.296,0.338,0.897,0.53,1.065,1.114,2.284,1.648,1.758,1.312,1.779,0.982,0.661,1.4,0.802,1.98,2.075,0.565154556108751,0.465,0.802,0.722,,1.092
2026-03-19,4.599,1.411,1.446,3.305,0.332,0.886,0.521,1.048,1.101,2.259,1.62,1.719,1.267,1.735,0.963,0.648,1.363,0.78,1.887,1.944,0.5521586671416275,0.454,0.799,0.704,,1.066
2026-03-20,4.576,1.388,1.439,3.296,0.326,0.878,0.516,1.015,1.083,2.244,1.605,1.695,1.254,1.719,0.966,0.63,1.325,0.76,1.849,1.917,0.5504925275304579,0.437,0.797,0.699,0.963,1.082
2026-03-23,4.43,1.329,1.406,3.234,0.312,0.842,0.499,0.963,1.036,2.149,1.546,1.625,1.183,1.634,0.931,0.607,1.259,0.729,1.79,1.823,0.5284994846630183,0.418,0.771,0.66,0.905,1.078
2026-03-24,4.479,1.359,1.425,3.269,0.319,0.856,0.503,0.994,1.047,2.19,1.574,1.668,1.215,1.679,0.949,0.621,1.29,0.747,1.824,1.892,0.5381630944078023,0.43,0.787,0.672,0.913,1.076
2026-03-25,4.544,1.385,1.429,3.256,0.324,0.877,0.509,1.012,1.059,2.213,1.594,1.73,1.242,1.717,0.964,0.633,1.313,0.761,1.876,1.952,0.5488263879192883,0.438,0.794,0.694,0.924,1.091
2026-03-26,4.488,1.357,1.429,3.268,0.319,0.854,0.503,0.992,1.035,2.219,1.58,1.692,1.234,1.698,0.96,0.62,1.288,0.747,1.848,1.919,0.5384963223300363,0.43,0.796,0.684,0.917,1.096
2026-03-27,4.508,1.37,1.431,3.267,0.327,0.852,0.512,1.012,1.041,2.209,1.574,1.689,1.236,1.698,0.954,0.622,1.296,0.749,1.886,1.976,0.5528251229860954,0.431,0.792,0.691,0.933,1.123
2026-03-30,4.5,1.359,1.446,3.299,0.33,0.847,0.514,1.016,1.037,2.171,1.55,1.659,1.213,1.689,0.938,0.61,1.31,0.76,1.876,2.008,0.5664874677976867,0.422,0.795,0.684,0.93,1.117
2026-03-31,4.463,1.324,1.432,3.251,0.33,0.83,0.513,1.006,1.029,2.164,1.544,1.649,1.213,1.663,0.938,0.602,1.304,0.757,1.846,1.983,0.5451608807747149,0.416,0.802,0.68,0.911,1.083
2026-04-01,4.534,1.369,1.431,3.241,0.341,0.862,0.525,1.028,1.045,2.238,1.606,1.731,1.259,1.763,0.958,0.616,1.309,0.758,1.869,2.026,0.5571570859751366,0.426,0.802,0.701,0.919,1.087
2026-04-02,4.489,1.33,1.432,3.258,0.339,0.83,0.524,1.001,1.025,2.206,1.58,1.711,1.233,1.703,0.941,0.601,1.285,0.743,1.823,1.991,0.5411621457079078,0.413,0.805,0.686,0.933,1.074
2026-04-03,4.454,1.324,1.411,3.216,0.33,0.838,0.516,0.977,1.016,2.206,1.585,1.718,1.241,1.706,0.949,0.6,1.27,0.732,1.805,1.971,0.5431615132413113,0.411,0.797,0.672,0.914,1.046
2026-04-07,4.446,1.342,1.416,3.228,0.332,0.846,0.514,0.992,1.015,2.207,1.59,1.725,1.243,1.705,0.949,0.602,1.269,0.73,1.844,1.992,0.5461605645414168,0.413,0.788,0.671,0.928,1.05
2026-04-08,4.602,1.425,1.427,3.227,0.339,0.914,0.524,1.045,1.054,2.29,1.665,1.803,1.301,1.808,0.979,0.631,1.333,0.764,1.922,2.119,0.5831488639093834,0.439,0.794,0.701,0.941,1.09
2026-04-09,4.572,1.415,1.418,3.212,0.336,0.904,0.52,1.022,1.031,2.275,1.654,1.791,1.289,1.786,0.975,0.622,1.323,0.756,1.935,2.103,0.5871475989761905,0.431,0.788,0.683,0.929,1.084
2026-04-10,4.642,1.437,1.419,3.218,0.339,0.926,0.522,1.03,1.068,2.294,1.66,1.795,1.295,1.798,0.986,0.624,1.339,0.763,1.946,2.096,0.594811841187571,0.428,0.787,0.684,0.923,1.132
2026-04-13,4.652,1.448,1.42,3.223,0.335,0.931,0.518,1.023,1.075,2.281,1.66,1.786,1.28,1.791,0.976,0.62,1.351,0.773,1.968,2.096,0.5841485476760852,0.421,0.789,0.68,0.935,1.155
2026-04-14,4.712,1.479,1.421,3.223,0.337,0.95,0.52,1.038,1.081,2.313,1.686,1.799,1.299,1.829,0.986,0.623,1.375,0.785,1.974,2.136,0.6041422230101211,0.423,0.794,0.679,0.958,1.179
2026-04-15,4.694,1.482,1.428,3.24,0.337,0.944,0.525,1.021,1.073,2.337,1.712,1.802,1.307,1.835,0.986,0.63,1.367,0.783,1.937,2.104,0.5941453853431031,0.429,0.802,0.683,0.962,1.154
2026-04-16,4.746,1.498,1.432,3.244,0.337,0.975,0.526,1.051,1.081,2.365,1.749,1.809,1.32,1.881,0.989,0.65,1.375,0.782,1.981,2.17,0.600476715865548,0.444,0.801,0.692,0.962,1.193
2026-04-17,4.739,1.499,1.421,3.218,0.331,0.994,0.517,1.055,1.076,2.361,1.742,1.792,1.313,1.858,0.989,0.644,1.386,0.785,2.0,2.167,0.6008099437877819,0.439,0.796,0.682,0.948,1.187
2026-04-20,4.765,1.527,1.423,3.225,0.334,1.003,0.517,1.056,1.075,2.36,1.742,1.805,1.325,1.859,0.99,0.649,1.425,0.808,2.051,2.179,0.6078077301546945,0.443,0.805,0.685,0.944,1.181
2026-04-21,4.776,1.504,1.436,3.265,0.332,0.991,0.517,1.054,1.066,2.37,1.745,1.807,1.334,1.876,0.988,0.648,1.416,0.801,2.036,2.18,0.6034757671656533,0.441,0.808,0.683,0.944,1.2
2026-04-22,4.811,1.529,1.435,3.269,0.336,1.021,0.515,1.039,1.075,2.373,1.748,1.8,1.328,1.887,0.982,0.639,1.42,0.8,2.039,2.179,0.6218033028885197,0.431,0.802,0.675,0.938,1.201
2026-04-23,4.801,1.508,1.443,3.293,0.335,1.012,0.517,1.028,1.066,2.369,1.756,1.771,1.307,1.862,0.97,0.625,1.424,0.8,1.954,2.098,0.6128061489882034,0.426,0.804,0.668,0.92,1.173
2026-04-24,4.782,1.531,1.442,3.28,0.335,0.994,0.515,1.002,1.056,2.366,1.756,1.767,1.306,1.869,0.958,0.628,1.396,0.778,1.956,2.118,0.6178045678217124,0.423,0.803,0.664,0.911,1.202
2026-04-27,4.782,1.591,1.441,3.275,0.332,1.0,0.512,1.012,1.057,2.384,1.788,1.763,1.31,1.898,0.962,0.632,1.393,0.776,1.952,2.095,0.6577919184897845,0.418,0.8,0.663,0.903,1.208
2026-04-28,4.77,1.568,1.453,3.325,0.34,0.976,0.515,0.99,1.07,2.407,1.79,1.755,1.303,1.887,0.958,0.621,1.371,0.752,1.916,2.043,0.6544596392674451,0.41,0.803,0.651,0.912,1.184
2026-04-29,4.821,1.575,1.467,3.347,0.338,0.986,0.519,1.0,1.076,2.411,1.788,1.754,1.303,1.88,0.966,0.628,1.377,0.754,2.028,2.14,0.6567922347230827,0.416,0.8,0.666,0.929,1.25
2026-04-30,4.824,1.654,1.465,3.341,0.336,1.018,0.518,0.994,1.078,2.419,1.791,1.742,1.289,1.868,0.952,0.627,1.399,0.766,2.046,2.119,0.6791185055127561,0.411,0.795,0.661,0.938,1.23
2026-05-06,4.888,1.744,1.469,3.341,0.335,1.059,0.517,1.012,1.094,2.454,1.849,1.764,1.33,1.953,0.964,0.636,1.43,0.785,2.103,2.199,0.689781799024242,0.421,0.788,0.651,0.939,1.27
2026-05-07,4.912,1.769,1.446,3.272,0.338,1.088,0.518,1.023,1.089,2.482,1.883,1.817,1.348,2.023,0.976,0.654,1.446,0.79,2.106,2.207,0.7057767392914708,0.431,0.784,0.652,0.93,1.255
2026-05-08,4.886,1.727,1.44,3.261,0.337,1.076,0.517,1.036,1.08,2.483,1.888,1.793,1.327,2.002,0.975,0.653,1.474,0.814,2.105,2.206,0.6927808503243474,0.435,0.785,0.655,0.922,1.221
2026-05-11,4.966,1.811,1.446,3.263,0.34,1.105,0.52,1.023,1.097,2.492,1.94,1.773,1.313,1.994,0.962,0.651,1.483,0.823,2.162,2.208,0.7364337081369927,0.429,0.785,0.651,0.928,1.231
2026-05-12,4.963,1.816,1.444,3.257,0.337,1.117,0.519,1.018,1.102,2.477,1.921,1.763,1.3,1.981,0.956,0.645,1.469,0.81,2.091,2.188,0.7640916256824092,0.424,0.782,0.642,0.909,1.207
2026-05-13,5.017,1.865,1.438,3.244,0.336,1.159,0.516,1.029,1.095,2.488,1.937,1.766,1.301,1.999,0.956,0.646,1.488,0.814,2.119,2.209,0.8000802412836739,0.424,0.78,0.643,0.897,1.209
2026-05-14,4.941,1.815,1.426,3.223,0.329,1.133,0.508,0.992,1.071,2.489,1.946,1.753,1.302,1.97,0.957,0.646,1.419,0.774,2.051,2.13,0.7937489107612292,0.426,0.784,0.631,0.911,1.174
2026-05-15,4.878,1.787,1.422,3.223,0.327,1.112,0.504,0.991,1.048,2.48,1.93,1.736,1.29,1.938,0.953,0.629,1.385,0.754,2.035,2.039,0.8334030335070672,0.412,0.779,0.619,0.9,1.168
2026-05-18,4.852,1.803,1.416,3.217,0.322,1.123,0.499,0.995,1.047,2.44,1.894,1.702,1.261,1.904,0.946,0.617,1.375,0.754,2.005,2.009,0.8370685406516406,0.406,0.771,0.611,0.879,1.164
2026-05-19,4.869,1.871,1.418,3.222,0.325,1.14,0.499,1.012,1.056,2.44,1.891,1.715,1.29,1.898,0.948,0.62,1.377,0.753,1.976,1.981,0.8790552588531161,0.41,0.775,0.617,0.88,1.158
2026-05-20,4.871,1.931,1.414,3.215,0.321,1.143,0.496,0.989,1.049,2.432,1.898,1.708,1.292,1.883,0.949,0.621,1.371,0.747,1.997,1.985,0.9377033731662885,0.402,0.768,0.61,0.869,1.168
2026-05-21,4.808,1.86,1.394,3.172,0.324,1.103,0.5,0.959,1.054,2.452,1.916,1.718,1.302,1.921,0.95,0.608,1.337,0.734,1.947,1.947,0.8933840595091753,0.39,0.771,0.61,0.857,1.15
2026-05-22,4.862,1.887,1.391,3.156,0.321,1.13,0.494,0.961,1.037,2.485,1.942,1.732,1.312,1.985,0.95,0.618,1.357,0.736,1.997,2.019,0.8860530452200287,0.39,0.769,0.602,0.848,1.169
2026-05-25,4.937,1.998,1.396,3.185,0.322,1.174,0.49,0.968,1.045,2.546,2.02,1.756,1.335,2.072,0.964,0.617,1.376,0.746,2.007,2.025,0.9353707777106509,0.387,0.767,0.612,0.844,1.147
2026-05-26,4.972,1.968,1.399,3.186,0.32,1.174,0.491,0.948,1.056,2.529,2.013,1.757,1.344,2.066,0.962,0.63,1.348,0.73,2.015,2.095,0.9170432419877845,0.387,0.771,0.614,0.847,1.15
2026-05-27,4.932,1.911,1.387,3.17,0.317,1.147,0.49,0.954,1.043,2.541,2.047,1.744,1.337,2.063,0.962,0.62,1.323,0.714,1.954,2.013,0.884720133531093,0.38,0.767,0.607,0.831,1.146
2026-05-28,4.932,1.942,1.384,3.17,0.313,1.172,0.48,0.939,1.021,2.524,2.029,1.731,1.321,2.027,0.947,0.618,1.344,0.72,1.997,1.991,0.8980492504204504,0.37,0.761,0.597,0.821,1.147
2026-05-29,4.923,1.844,1.402,3.206,0.315,1.131,0.487,0.939,1.033,2.557,2.086,1.743,1.334,2.109,0.96,0.62,1.284,0.69,1.912,1.965,0.8427334153296174,0.372,0.776,0.616,0.827,1.129
2026-06-01,4.868,1.754,1.439,3.307,0.313,1.11,0.486,0.958,1.035,2.625,2.16,1.746,1.328,2.211,0.962,0.628,1.269,0.688,1.895,1.949,0.795081822450165,0.384,0.785,0.617,0.838,1.107
2026-06-02,4.936,1.781,1.435,3.308,0.309,1.143,0.483,0.93,1.037,2.611,2.132,1.738,1.327,2.196,0.951,0.652,1.267,0.683,1.918,2.015,0.8054118880394169,0.401,0.79,0.605,0.821,1.12
2026-06-03,4.965,1.823,1.434,3.324,0.305,1.178,0.477,0.916,1.035,2.602,2.096,1.75,1.318,2.235,0.946,0.641,1.273,0.686,1.963,2.032,0.8280713867513243,0.388,0.783,0.594,0.811,1.108
2026-06-04,4.926,1.832,1.428,3.327,0.301,1.167,0.47,0.906,1.022,2.566,2.055,1.722,1.307,2.219,0.942,0.631,1.278,0.686,1.969,1.97,0.8660593698859929,0.379,0.774,0.586,0.791,1.088
2026-06-05,4.843,1.763,1.428,3.321,0.3,1.127,0.472,0.916,1.016,2.568,2.026,1.74,1.311,2.153,0.941,0.621,1.274,0.691,1.969,1.926,0.8350691731182369,0.378,0.784,0.591,0.786,1.075
2026-06-08,4.739,1.683,1.417,3.304,0.293,1.09,0.466,0.894,1.001,2.515,1.956,1.699,1.275,2.064,0.927,0.603,1.22,0.662,1.875,1.82,0.8107435347951598,0.368,0.789,0.576,0.777,1.04
2026-06-09,4.826,1.755,1.414,3.291,0.292,1.129,0.463,0.903,1.005,2.552,2.016,1.717,1.287,2.159,0.93,0.61,1.235,0.667,1.947,1.869,0.8780555750864143,0.372,0.792,0.577,0.777,1.069
2026-06-10,4.784,1.744,1.406,3.261,0.291,1.106,0.464,0.901,1.018,2.515,1.976,1.724,1.279,2.076,0.939,0.599,1.222,0.655,1.915,1.843,0.8923843757424735,0.369,0.806,0.586,0.782,1.047
2026-06-11,4.751,1.756,1.402,3.26,0.293,1.072,0.462,0.857,1.008,2.498,1.96,1.712,1.264,2.085,0.934,0.589,1.219,0.653,1.931,1.88,0.9433682478442653,0.363,0.802,0.572,0.777,1.055
2026-06-12,4.818,1.756,1.422,3.303,0.298,1.071,0.469,0.863,1.045,2.515,1.989,1.739,1.282,2.121,0.943,0.595,1.246,0.675,1.976,1.976,0.9143774186099132,0.365,0.814,0.59,0.787,1.08
2026-06-15,4.919,1.844,1.41,3.249,0.297,1.134,0.469,0.874,1.072,2.574,2.069,1.81,1.314,2.24,0.964,0.602,1.266,0.675,2.038,2.063,0.9643616069450032,0.368,0.802,0.598,0.788,1.106
2026-06-16,4.91,1.855,1.386,3.196,0.293,1.132,0.462,0.877,1.082,2.586,2.086,1.778,1.303,2.267,0.963,0.59,1.267,0.676,2.102,2.049,0.9716926212341496,0.358,0.792,0.588,0.777,1.134
2026-06-17,4.958,1.939,1.371,3.16,0.294,1.163,0.458,0.855,1.081,2.578,2.084,1.798,1.299,2.27,0.966,0.591,1.289,0.677,2.082,2.045,1.0536666901036973,0.355,0.785,0.58,0.769,1.134
2026-06-18,4.984,2.017,1.346,3.098,0.296,1.23,0.458,0.849,1.05,2.564,2.078,1.784,1.299,2.33,0.968,0.58,1.29,0.681,2.147,2.05,1.0706613141376278,0.346,0.766,0.569,0.754,1.133
2026-06-22,5.091,2.056,1.361,3.125,0.297,1.247,0.462,0.859,1.131,2.565,2.079,1.771,1.299,2.414,0.958,0.582,1.298,0.689,2.235,2.155,1.1029844225943195,0.344,0.771,0.568,0.758,1.173
2026-06-23,4.942,2.023,1.351,3.104,0.298,1.203,0.456,0.855,1.131,2.505,2.038,1.731,1.281,2.274,0.942,0.559,1.252,0.666,2.088,1.976,1.104317334283255,0.33,0.778,0.567,0.757,1.117
2026-06-24,4.967,2.096,1.334,3.048,0.302,1.235,0.461,0.83,1.111,2.523,2.041,1.739,1.281,2.312,0.941,0.57,1.262,0.664,2.092,1.98,1.1669641836632345,0.332,0.761,0.555,0.744,1.133
2026-06-25,5.048,2.178,1.318,3.006,0.302,1.279,0.462,0.832,1.149,2.518,2.059,1.743,1.276,2.418,0.945,0.559,1.26,0.662,2.099,1.922,1.1986208362754582,0.323,0.753,0.565,0.734,1.127
2026-06-26,4.907,2.133,1.295,2.954,0.296,1.22,0.452,0.805,1.107,2.482,2.007,1.747,1.279,2.353,0.932,0.542,1.241,0.659,2.017,1.839,1.2362755914878927,0.315,0.746,0.551,0.742,1.063
2026-06-29,4.959,2.248,1.299,2.972,0.311,1.233,0.472,0.813,1.123,2.478,2.015,1.753,1.275,2.323,0.943,0.561,1.234,0.661,1.986,1.864,1.3669009370035947,0.326,0.75,0.551,0.764,1.074
2026-06-30,5.019,2.344,1.277,2.916,0.306,1.306,0.469,0.814,1.126,2.483,2.038,1.75,1.278,2.328,0.942,0.567,1.28,0.686,2.05,1.854,1.4185512649498542,0.324,0.734,0.543,0.753,1.1
2026-07-01,4.998,2.29,1.3,2.963,0.314,1.285,0.476,0.832,1.176,2.491,2.051,1.74,1.289,2.301,0.941,0.567,1.291,0.69,2.046,1.848,1.41988417663879,0.322,0.737,0.558,0.795,1.099
2026-07-02,4.85,2.119,1.311,2.993,0.311,1.182,0.475,0.831,1.15,2.483,2.011,1.721,1.285,2.216,0.94,0.564,1.256,0.674,2.034,1.88,1.2709312954002219,0.331,0.748,0.554,0.799,1.088
2026-07-03,4.876,2.102,1.325,3.024,0.316,1.191,0.484,0.83,1.155,2.503,2.02,1.772,1.335,2.261,0.955,0.57,1.301,0.692,2.049,1.892,1.2299442609654478,0.336,0.747,0.554,0.793,1.097
2026-07-06,4.877,2.116,1.353,3.089,0.317,1.179,0.488,0.819,1.16,2.511,2.02,1.777,1.337,2.302,0.956,0.574,1.284,0.683,1.974,1.865,1.2276116655098106,0.342,0.76,0.558,0.825,1.065
2026-07-07,4.826,2.126,1.331,3.044,0.306,1.168,0.476,0.817,1.123,2.528,2.009,1.789,1.342,2.255,0.961,0.572,1.244,0.666,1.955,1.803,1.2712645233224558,0.344,0.759,0.543,0.813,1.053
2026-07-08,4.798,2.145,1.34,3.08,0.304,1.185,0.47,0.816,1.111,2.503,1.99,1.763,1.315,2.2,0.951,0.599,1.219,0.65,1.866,1.75,1.3089192785348902,0.363,0.77,0.547,0.791,1.006
2026-07-09,4.916,2.328,1.323,3.04,0.307,1.255,0.472,0.816,1.132,2.515,2.008,1.749,1.305,2.206,0.954,0.602,1.243,0.656,1.835,1.745,1.4392113961283581,0.362,0.761,0.536,0.789,1.004
2026-07-10,4.829,2.209,1.323,3.045,0.316,1.222,0.48,0.848,1.11,2.527,2.01,1.754,1.302,2.212,0.956,0.606,1.281,0.685,1.837,1.756,1.3275800421799904,0.366,0.767,0.547,0.805,0.978
2026-07-13,4.744,2.1,1.327,3.066,0.311,1.18,0.474,0.798,1.098,2.522,1.998,1.73,1.286,2.148,0.948,0.593,1.192,0.639,1.71,1.679,1.249937936299484,0.356,0.779,0.532,0.805,0.938
2026-07-14,4.837,2.125,1.352,3.138,0.319,1.206,0.48,0.788,1.104,2.54,1.999,1.725,1.286,2.15,0.95,0.595,1.158,0.62,1.759,1.774,1.2529369875995893,0.356,0.781,0.537,0.804,0.964
2026-07-15,4.838,2.028,1.374,3.185,0.332,1.17,0.496,0.82,1.13,2.564,2.02,1.739,1.294,2.194,0.953,0.603,1.143,0.613,1.717,1.739,1.155301206385047,0.363,0.79,0.552,0.822,0.958
2026-07-16,4.753,1.945,1.36,3.146,0.333,1.136,0.496,0.853,1.113,2.577,2.0,1.748,1.296,2.13,0.952,0.613,1.12,0.606,1.674,1.725,1.0709945420598617,0.379,0.782,0.555,0.841,0.941
2026-07-17,4.589,1.807,1.352,3.135,0.318,1.034,0.48,0.811,1.097,2.503,1.94,1.724,1.28,2.008,0.956,0.586,1.062,0.585,1.591,1.636,1.0016831342352035,0.362,0.789,0.543,0.819,0.919
2026-07-20,4.65,1.815,1.394,3.242,0.326,1.063,0.494,0.803,1.118,2.498,1.941,1.73,1.279,2.006,0.951,0.602,1.055,0.587,1.547,1.625,0.9327049543327794,0.375,0.808,0.549,0.829,0.893
2026-07-21,4.787,2.016,1.381,3.205,0.328,1.153,0.495,0.81,1.123,2.526,1.973,1.741,1.288,2.096,0.959,0.61,1.09,0.599,1.624,1.71,1.109648981038998,0.375,0.79,0.548,0.817,0.936
2026-07-22,4.765,1.955,1.396,3.253,0.327,1.142,0.496,0.793,1.114,2.523,1.964,1.734,1.287,2.07,0.951,0.592,1.083,0.597,1.61,1.768,1.0530002342592295,0.358,0.799,0.553,0.816,0.914
2026-07-23,4.787,1.888,1.409,3.28,0.325,1.114,0.495,0.795,1.128,2.524,1.964,1.747,1.293,2.091,0.951,0.595,1.101,0.608,1.659,1.822,1.0093473764465841,0.363,0.803,0.557,0.821,0.944
2026-07-24,4.701,1.885,1.387,3.223,0.315,1.089,0.484,0.765,1.099,2.506,1.936,1.717,1.275,2.038,0.938,0.585,1.077,0.596,1.603,1.735,1.0460024478923167,0.353,0.804,0.538,0.798,0.92
2026-07-27,4.753,1.911,1.391,3.232,0.323,1.11,0.489,0.788,1.104,2.52,1.948,1.749,1.308,2.077,0.945,0.597,1.104,0.607,1.646,1.776,1.0863230264826227,0.363,0.805,0.555,0.808,0.95
2026-07-28,4.627,1.785,1.392,3.232,0.32,1.023,0.489,0.794,1.085,2.484,1.904,1.737,1.306,1.963,0.944,0.596,1.077,0.596,1.607,1.736,1.0166783907357306,0.364,0.818,0.558,0.81,0.928
2026-07-29,4.657,1.776,1.414,3.273,0.326,1.02,0.5,0.81,1.106,2.511,1.909,1.753,1.308,1.961,0.951,0.615,1.094,0.606,1.625,1.768,1.0083476926798822,0.379,0.819,0.567,0.815,0.941
2026-07-30,4.605,1.669,1.43,3.312,0.325,0.948,0.502,0.804,1.106,2.479,1.88,1.747,1.307,1.945,0.946,0.609,1.073,0.599,1.598,1.747,0.9253739400436329,0.379,0.84,0.572,0.824,0.94
2026-07-31,4.653,1.728,1.432,3.304,0.33,1.008,0.505,0.838,1.107,2.509,1.944,1.777,1.33,2.024,0.955,0.609,1.093,0.605,1.633,1.792,0.94969957836671,0.38,0.836,0.579,0.826,0.945
2026-08-03,4.599,1.636,1.424,3.285,0.328,0.985,0.501,0.847,1.105,2.533,1.955,1.802,1.342,2.053,0.959,0.615,1.101,0.613,1.652,1.778,0.855396076374507,0.388,0.831,0.581,0.828,0.939
2026-08-04,4.651,1.706,1.403,3.237,0.334,1.05,0.504,0.871,1.104,2.582,2.006,1.835,1.358,2.077,0.962,0.617,1.116,0.616,1.686,1.809,0.8957166549648129,0.388,0.811,0.574,0.816,0.947
2026-08-05,4.714,1.786,1.399,3.228,0.337,1.07,0.505,0.866,1.109,2.669,2.068,1.843,1.379,2.153,0.964,0.624,1.136,0.621,1.749,1.903,0.9816894589011677,0.392,0.801,0.574,0.818,0.971
2026-08-06,4.709,1.794,1.417,3.288,0.331,1.066,0.498,0.85,1.096,2.69,2.046,1.822,1.365,2.126,0.965,0.61,1.135,0.62,1.756,1.917,1.0056818693020109,0.381,0.805,0.571,0.817,0.96
2026-08-07,4.751,1.84,1.414,3.282,0.346,1.077,0.51,0.849,1.096,2.695,2.053,1.828,1.369,2.133,0.958,0.613,1.154,0.625,1.818,1.985,1.0403375732143398,0.381,0.798,0.568,0.815,0.974
2026-08-10,4.759,1.835,1.429,3.319,0.353,1.05,0.519,0.871,1.099,2.696,2.061,1.835,1.378,2.177,0.962,0.617,1.172,0.64,1.832,2.018,1.0823242914158155,0.385,0.803,0.576,0.846,0.988
2026-08-11,4.728,1.806,1.421,3.309,0.351,1.049,0.518,0.867,1.093,2.716,2.037,1.823,1.372,2.157,0.955,0.61,1.148,0.624,1.787,1.922,1.04966795503689,0.381,0.8,0.569,0.836,0.981
2026-08-12,4.748,1.833,1.424,3.303,0.35,1.063,0.515,0.884,1.097,2.698,2.045,1.828,1.381,2.183,0.954,0.604,1.156,0.628,1.797,1.94,1.0716609979043297,0.372,0.8,0.573,0.836,0.984
2026-08-13,4.729,1.812,1.405,3.273,0.355,1.066,0.516,0.861,1.101,2.711,2.046,1.823,1.384,2.191,0.955,0.605,1.148,0.624,1.763,1.869,1.0430033965922114,0.365,0.803,0.567,0.834,0.975
2026-08-14,4.726,1.814,1.408,3.296,0.351,1.08,0.511,0.847,1.087,2.778,2.077,1.818,1.381,2.219,0.955,0.596,1.152,0.629,1.812,1.89,1.0530002342592295,0.361,0.797,0.56,0.824,0.98
2026-08-17,4.801,1.888,1.411,3.304,0.353,1.115,0.511,0.84,1.093,2.748,2.087,1.819,1.393,2.237,0.956,0.606,1.172,0.636,1.842,1.948,1.114,0.367,0.796,0.561,0.828,1.0
2026-08-18,4.787,1.888,1.42,3.34,0.353,1.098,0.511,0.83,1.077,2.688,2.057,1.804,1.376,2.182,0.954,0.599,1.169,0.634,1.839,1.933,1.14,0.364,0.802,0.558,0.836,0.987
2026-08-19,4.654,1.761,1.427,3.36,0.344,1.014,0.506,0.805,1.062,2.642,2.02,1.786,1.369,2.117,0.949,0.59,1.108,0.607,1.763,1.864,1.057,0.364,0.815,0.55,0.819,0.952
2026-08-20,4.653,1.744,1.434,3.382,0.359,1.01,0.511,0.814,1.063,2.675,2.033,1.794,1.374,2.148,0.951,0.597,1.097,0.602,1.736,1.884,1.053,0.365,0.818,0.56,0.833,0.947
2026-08-21,4.68,1.745,1.433,3.387,0.349,1.024,0.501,0.808,1.063,2.672,2.022,1.789,1.368,2.134,0.957,0.598,1.107,0.607,1.752,1.946,1.045,0.363,0.815,0.554,0.82,0.962
2026-08-24,4.627,1.691,1.453,3.44,0.339,0.98,0.494,0.796,1.067,2.672,1.998,1.791,1.372,2.115,0.954,0.58,1.09,0.6,1.736,1.949,1.038,0.352,0.827,0.553,0.816,0.956
2026-08-25,4.616,1.693,1.445,3.409,0.347,0.986,0.501,0.817,1.067,2.695,2.02,1.797,1.377,2.137,0.953,0.579,1.095,0.602,1.719,1.896,1.008,0.352,0.821,0.562,0.829,0.94
2026-08-26,4.652,1.721,1.455,3.44,0.345,0.988,0.502,0.819,1.096,2.708,2.021,1.805,1.38,2.14,0.961,0.586,1.101,0.605,1.725,1.944,1.027,0.355,0.829,0.567,0.829,0.949
2026-08-27,4.691,1.788,1.459,3.454,0.346,1.027,0.502,0.818,1.106,2.708,2.044,1.813,1.386,2.146,0.954,0.583,1.121,0.617,1.765,1.967,1.066,0.352,0.819,0.565,0.839,0.953
2026-08-28,4.679,1.756,1.462,3.461,0.342,1.017,0.501,0.82,1.104,2.722,2.04,1.794,1.39,2.145,0.949,0.581,1.123,0.622,1.753,1.982,1.034,0.354,0.817,0.57,0.85,0.95
2026-08-31,4.685,1.777,1.468,3.489,0.339,1.044,0.495,0.878,1.105,2.712,2.034,1.787,1.386,2.142,0.947,0.582,1.142,0.627,1.76,1.953,1.041,0.352,0.829,0.565,0.849,0.935
2026-09-01,4.684,1.74,1.469,3.482,0.341,1.038,0.5,0.89,1.113,2.716,2.037,1.796,1.368,2.14,0.951,0.577,1.141,0.631,1.729,1.935,0.998,0.349,0.846,0.572,0.862,0.922
2026-09-02,4.62,1.708,1.448,3.428,0.338,1.02,0.495,0.867,1.09,2.644,2.006,1.777,1.348,2.078,0.947,0.569,1.142,0.636,1.693,1.886,0.979,0.346,0.844,0.568,0.852,0.899
2026-09-03,4.621,1.703,1.45,3.436,0.339,1.018,0.498,0.859,1.098,2.66,2.009,1.772,1.349,2.094,0.95,0.5650000000000001,1.14,0.636,1.702,1.913,0.965,0.341,0.84,0.5680000000000001,0.846,0.905
