date,000300,000688,000922,000015,399989,931071,000069,930781,399975,399967,931066,930598,000819,950125,931637,399986,930633,931946
2023-08-08,-0.26,-0.35,-0.14,-0.18,-0.03,-1.08,0.18,0.21,-0.59,-1.34,-0.91,-0.36,0.39,-0.31,-2.62,-0.44,-0.18,-0.59
2023-08-09,-0.31,-0.85,-0.44,-0.41,1.91,-1.99,0.14,-2.69,-0.53,-0.48,-0.51,-0.9,-0.81,-0.9,1.0,0.23,-0.96,-1.02
2023-08-10,0.21,0.19,0.25,0.43,0.37,-0.37,-0.19,-0.1,1.84,0.12,0.09,-0.09,-0.08,0.91,-0.23,-0.1,2.0,0.53
2023-08-11,-2.3,-2.13,-1.54,-1.5,-1.56,-2.25,-1.77,-2.07,-4.31,-1.36,-1.15,-2.3,-2.17,-2.04,-2.31,-1.91,-1.27,-2.41
2023-08-14,-0.73,-0.88,-0.05,-0.05,-0.21,1.21,-0.52,1.44,-1.08,0.68,0.53,-0.29,-0.77,-0.85,-0.7,-1.31,0.23,-0.34
2023-08-15,-0.24,-1.4,0.66,0.81,-0.78,-1.73,-0.39,-2.19,1.69,-1.01,-0.92,-1.0,-0.9,-2.63,-0.75,1.1,-2.09,-0.26
2023-08-16,-0.73,-1.71,-0.05,-0.1,-0.26,-3.32,-0.28,-1.98,0.35,-1.63,-1.58,-1.29,-0.97,-1.97,-1.31,-0.17,-0.72,-0.41
2023-08-17,0.33,0.95,0.01,-0.03,0.35,0.96,1.12,0.92,-0.09,3.1,3.88,0.92,0.43,1.22,0.84,-0.82,0.57,0.52
2023-08-18,-1.23,-0.67,-0.43,-0.16,-2.14,-2.97,-1.99,-2.73,-1.59,-0.96,-0.52,-1.81,-2.07,-0.15,-3.1,0.45,-2.54,-1.92
2023-08-21,-1.44,-1.34,-1.04,-0.87,-0.41,-0.4,-0.88,-0.45,-3.4,-1.69,-1.65,-1.0,-0.97,-1.16,-2.32,-1.59,-2.43,-1.38
2023-08-22,0.77,1.01,0.8,0.99,-0.58,3.02,-0.22,1.94,1.44,1.55,1.53,-0.19,0.9,0.79,1.72,1.1,-0.63,-0.32
2023-08-23,-1.64,-2.4,-0.28,0.06,-2.08,-3.48,-1.57,-1.54,-2.35,-2.46,-2.47,-2.63,-2.26,-3.12,0.86,-0.28,-1.97,-0.6
2023-08-24,0.72,0.68,-0.47,-0.64,2.8,-0.18,1.87,2.43,1.36,-0.01,0.08,0.09,1.79,1.14,4.51,-0.43,0.64,1.46
2023-08-25,-0.38,-1.7,0.2,0.3,-1.23,-4.42,-0.77,-3.38,0.29,-1.43,-1.21,-1.59,-1.62,-1.7,-2.33,0.85,-1.91,0.29
2023-08-28,1.17,1.13,1.38,1.22,0.66,0.92,0.56,1.29,2.36,0.75,0.79,1.48,0.42,-0.58,1.13,1.54,1.03,-0.1
2023-08-29,1.0,4.12,0.18,-0.02,2.43,3.47,1.67,3.13,-0.69,2.97,2.51,2.49,1.41,5.34,1.84,-1.35,1.97,1.26
2023-08-30,-0.04,2.53,-0.73,-1.03,0.24,2.37,-0.01,0.26,-2.75,0.92,0.82,-0.14,0.3,3.69,-1.67,-1.17,-1.19,-0.77
2023-08-31,-0.61,0.32,-1.03,-1.04,-0.46,0.03,-0.63,-1.31,-1.87,-0.73,-0.41,-0.8,-1.05,3.19,-1.32,-0.33,-0.87,-0.51
2023-09-01,0.7,-0.83,1.07,1.01,-0.36,-1.08,0.54,-0.28,0.11,-0.44,-0.45,1.02,2.21,0.37,0.0,0.96,0.95,0.7
2023-09-04,1.52,0.82,1.55,1.6,0.87,0.89,1.71,0.85,0.82,1.02,0.81,2.71,3.02,-0.78,2.24,1.96,2.05,0.58
2023-09-05,-0.74,-1.25,-0.78,-0.85,-0.68,-1.66,-0.66,-1.76,-1.07,-0.26,-0.43,-0.29,-0.41,-0.14,-2.62,-1.17,-0.5,-0.59
2023-09-06,-0.22,0.43,-0.02,0.0,-1.57,0.35,-0.69,-1.08,-0.4,1.74,1.9,0.04,-0.4,4.49,-0.01,0.32,-1.05,-0.39
2023-09-07,-1.4,-3.72,-0.53,-0.25,-1.64,-2.47,-1.31,-1.45,-0.41,-1.53,-0.98,-1.94,-1.62,-4.54,-1.75,-0.32,-0.44,-0.99
2023-09-08,-0.49,0.19,-0.65,-0.82,0.27,-0.47,-0.43,-1.15,0.5,2.17,2.08,-0.27,-0.87,1.23,0.0,-0.3,-0.06,-0.39
2023-09-11,0.74,0.67,0.73,0.81,2.17,2.05,1.57,2.26,1.52,-0.89,-1.51,0.93,1.38,-0.28,0.56,0.22,1.28,1.07
2023-09-12,-0.18,-0.65,-0.13,-0.2,-0.4,-0.14,0.01,-1.13,-0.99,-0.39,-0.21,0.18,-0.25,-1.31,-0.68,-0.17,-0.38,1.7
2023-09-13,-0.64,-1.39,0.28,0.55,-0.83,-2.64,-0.58,-1.37,-1.13,-1.5,-1.41,-1.21,-0.49,-0.45,-0.66,0.03,-0.76,-0.94
2023-09-14,-0.08,-0.94,1.0,1.3,-0.1,-1.14,-0.49,-0.37,0.41,-0.24,-0.03,-0.45,0.36,-1.79,0.57,0.96,-0.81,-0.81
2023-09-15,-0.66,0.71,-0.23,-0.26,2.32,-1.27,-0.06,0.54,-0.65,-0.24,0.02,0.05,0.01,0.99,0.19,-0.46,0.43,-0.06
2023-09-18,0.51,-0.84,0.11,0.19,1.39,-0.37,1.49,0.41,0.16,-0.57,-0.85,0.75,0.34,-2.62,-1.79,0.12,2.13,0.42
2023-09-19,-0.19,-0.67,0.67,0.84,-0.77,-1.32,-0.33,-1.63,-0.07,-1.39,-1.3,-1.41,-0.51,-0.57,-0.07,0.58,-1.58,0.22
2023-09-20,-0.4,-0.87,0.13,0.14,-0.82,-0.59,-0.53,-0.92,-0.32,-0.81,-0.98,-1.22,-0.86,-1.73,-1.53,0.35,-2.04,0.72
2023-09-21,-0.9,-0.65,-0.65,-0.56,-1.43,-0.28,-1.39,-0.79,-0.82,-0.07,-0.15,-0.78,-1.0,-0.88,-1.97,-0.59,-1.53,-1.74
2023-09-22,1.81,2.61,0.43,0.39,1.34,5.2,1.57,2.82,3.04,1.38,0.98,1.57,0.26,2.67,3.5,1.03,1.04,1.03
2023-09-25,-0.65,-0.94,-0.2,-0.12,1.48,-1.86,0.06,-0.55,-2.37,-1.27,-1.51,-1.11,-0.74,-0.63,-2.45,0.0,-1.28,-0.01
2023-09-26,-0.58,0.17,-0.45,-0.46,-0.74,1.41,-0.55,0.51,0.04,-1.06,-1.31,-0.97,-0.83,-0.93,-1.17,-0.42,-0.63,-0.41
2023-09-27,0.21,0.47,-0.34,-0.5,2.67,-0.14,0.96,0.24,0.13,0.05,0.51,0.49,-0.04,-0.14,0.37,-0.58,0.19,0.1
2023-09-28,-0.3,0.87,0.02,0.06,-1.06,0.52,-0.79,-0.04,-0.7,1.48,1.41,0.62,-0.3,4.73,-1.55,0.2,0.2,-1.47
2023-09-29,,,,,,,,,,,,,,,3.49,,,
2023-10-03,,,,,,,,,,,,,,,-2.58,,,
2023-10-04,,,,,,,,,,,,,,,-1.79,,,
2023-10-05,,,,,,,,,,,,,,,-0.51,,,
2023-10-06,,,,,,,,,,,,,,,1.97,,,
2023-10-09,-0.13,-0.07,-0.36,-0.22,-0.17,0.34,-0.42,-3.74,-0.96,0.61,0.53,-0.14,-0.28,-0.62,0.03,-0.61,-4.78,-1.64
2023-10-10,-0.75,-0.58,-0.99,-0.95,-1.61,-0.04,-0.69,0.69,-0.31,-0.34,-0.14,0.24,0.32,0.06,2.01,-0.3,-0.18,0.62
2023-10-11,0.28,1.29,-0.31,-0.31,3.29,1.61,0.76,0.8,-0.3,-1.09,-2.0,0.0,-0.88,1.48,1.73,-0.11,-1.13,-0.49
2023-10-12,0.95,0.73,1.01,0.78,0.47,-0.96,0.47,-0.83,1.11,-0.11,-0.19,1.51,2.78,3.48,1.7,1.37,0.84,0.67
2023-10-13,-1.05,-0.92,-0.13,0.06,0.36,-1.85,-0.87,-1.2,-0.96,-1.49,-1.56,-1.15,-1.7,-0.75,-2.5,0.02,-1.99,-0.82
2023-10-16,-1.0,-1.98,0.19,0.34,-2.02,-1.9,-1.26,-1.15,-0.24,-0.75,-0.83,-1.81,-1.22,-2.77,-1.47,-0.08,-1.5,-0.5
2023-10-17,0.35,0.93,0.19,0.03,-0.34,-0.13,0.1,-0.25,1.35,0.43,0.51,-0.37,-0.23,1.51,0.75,0.31,0.2,0.07
2023-10-18,-0.79,-1.41,-0.92,-0.74,-1.91,-1.89,-0.5,-1.84,-0.26,-1.67,-1.66,-2.1,-1.6,-1.55,-1.94,-0.25,-2.01,-0.48
2023-10-19,-2.13,0.04,-1.67,-1.61,-1.48,-0.38,-2.41,-0.24,-0.53,-0.93,-1.04,-1.14,-1.38,-0.2,-1.23,-2.28,-1.17,-3.06
2023-10-20,-0.65,-0.95,-0.52,-0.68,-1.3,-3.21,-0.86,-1.38,0.3,-1.56,-1.3,-0.27,0.42,-1.71,-1.38,-0.2,-0.48,-0.77
2023-10-23,-1.04,-2.51,-1.34,-1.11,-0.79,-2.11,-0.74,-2.4,-2.34,-0.93,-0.13,-3.45,-3.02,-2.12,,-0.68,-2.1,-0.71
2023-10-24,0.37,1.25,0.76,0.73,0.38,-0.46,0.28,2.28,3.16,0.47,0.8,2.26,1.97,4.38,-1.52,-0.66,1.37,1.15
2023-10-25,0.5,-0.23,0.89,0.69,-1.97,0.76,0.91,0.05,-0.07,1.5,1.44,0.74,0.64,-1.53,0.86,0.25,1.98,1.53
2023-10-26,0.28,0.08,0.48,0.55,1.27,0.13,0.44,0.33,-0.05,1.02,0.72,0.8,0.25,0.77,0.06,0.9,0.28,0.67
2023-10-27,1.37,1.48,0.4,0.31,4.13,0.63,2.61,0.95,0.4,0.93,0.47,1.8,1.67,1.64,1.6,-0.15,2.76,2.56
2023-10-30,0.6,1.89,-1.03,-1.42,3.27,2.26,0.89,1.94,-0.54,0.93,0.4,0.94,0.91,1.23,1.44,-1.66,0.98,2.22
2023-10-31,-0.31,-0.42,0.18,0.37,-0.87,-0.77,-0.26,0.1,0.26,-0.14,0.06,-0.32,-0.23,0.5,-1.67,0.24,-0.12,-0.27
2023-11-01,-0.04,-0.51,-0.12,-0.12,-0.8,-0.7,0.45,0.76,-0.16,-0.21,-0.54,0.24,-0.76,-1.05,-0.15,-0.02,-0.65,0.36
2023-11-02,-0.47,-1.15,0.16,0.26,-0.63,-0.77,-0.52,2.2,-0.75,-1.98,-1.87,-1.16,-1.18,-2.63,1.2,0.6,-0.86,-0.81
2023-11-03,0.84,1.8,-0.47,-0.6,0.83,2.71,0.99,0.4,1.1,1.84,1.63,1.39,0.21,2.65,3.7,-0.26,0.73,0.29
2023-11-06,1.35,1.69,-0.16,-0.5,2.86,2.88,1.09,4.78,3.95,1.3,1.32,2.01,0.48,1.27,4.56,0.04,1.14,-0.62
2023-11-07,-0.35,0.14,-0.05,0.08,-0.72,1.97,-0.46,0.15,0.54,-0.14,-0.25,0.11,-0.46,0.06,-0.63,-0.09,-1.0,0.3
2023-11-08,-0.24,0.92,-0.12,0.01,1.14,0.77,0.49,3.21,-1.08,-0.23,-0.16,-0.58,-0.92,2.79,0.44,-0.44,0.24,-0.4
2023-11-09,0.05,-0.65,0.66,0.81,-1.31,0.04,-0.47,-2.28,-0.36,-0.34,-0.22,-0.1,0.27,-1.28,-0.29,0.47,-0.27,0.09
2023-11-10,-0.73,-0.45,-0.36,-0.23,-0.29,-0.78,-0.66,-1.38,0.06,0.25,0.45,-0.32,-0.46,0.87,-2.89,-0.75,-0.81,0.29
2023-11-13,-0.2,0.76,0.18,0.19,-0.83,1.7,-0.89,0.99,-0.44,3.03,3.21,0.64,0.46,0.42,2.61,-0.46,0.47,-0.02
2023-11-14,0.07,0.87,-0.14,-0.36,0.49,1.09,-0.01,-0.21,1.24,0.73,0.71,0.06,-0.29,0.83,-1.38,0.27,0.1,0.48
2023-11-15,0.7,-0.24,0.49,0.44,0.66,0.24,0.77,-0.43,0.12,-0.26,-0.37,1.37,1.89,-1.82,3.86,0.44,0.33,-0.19
2023-11-16,-0.97,-1.67,-0.12,0.02,-1.79,-1.4,-1.11,0.63,-0.74,-0.93,-0.88,-1.4,-1.39,-2.03,-1.67,-0.12,-0.18,-0.72
2023-11-17,-0.12,0.48,-0.26,-0.34,0.41,1.14,0.16,0.49,0.31,-0.01,-0.04,0.56,0.43,1.2,-2.1,-0.58,-0.13,0.23
2023-11-20,0.23,0.14,0.25,0.17,1.06,0.44,0.69,0.81,-0.57,1.87,1.81,0.82,0.03,-0.17,2.62,0.56,1.56,2.19
2023-11-21,0.13,-0.87,0.37,0.45,-0.13,-1.33,0.5,1.2,-0.09,-1.29,-1.26,-0.73,0.13,-1.27,-1.4,0.2,0.2,-0.25
2023-11-22,-1.02,-1.6,-0.3,-0.22,-1.89,-1.82,-1.11,1.56,-0.9,-1.19,-1.1,-1.98,-1.81,-2.07,-0.3,-0.34,-0.8,0.4
2023-11-23,0.48,0.81,0.78,0.81,0.56,1.06,0.71,-1.79,0.21,0.67,0.35,0.86,0.37,1.5,1.47,-0.02,0.41,0.42
2023-11-24,-0.66,-1.48,0.06,0.06,-0.33,-2.64,-0.5,-0.84,-1.03,-1.77,-1.9,-1.32,-1.0,-1.74,-2.62,0.02,-0.49,0.78
2023-11-27,-0.74,0.38,-0.26,-0.29,-0.92,0.21,-0.67,-1.96,-0.99,0.18,0.34,-0.66,-0.75,2.93,0.06,-0.73,-0.24,0.17
2023-11-28,0.19,0.45,-0.01,-0.08,1.6,-0.25,0.68,-0.24,-0.26,0.3,0.03,0.59,0.24,0.38,-1.57,-0.41,-0.13,-0.6
2023-11-29,-0.86,-1.13,-0.7,-0.53,-0.83,-0.66,-0.48,-1.17,-0.96,-0.43,-0.53,-0.25,0.14,0.58,-2.42,-1.18,-1.23,-0.49
2023-11-30,0.23,0.42,0.33,0.37,0.24,-0.3,0.26,0.16,0.32,-0.67,-1.06,-0.7,-0.64,0.11,-0.04,0.47,1.3,0.54
2023-12-01,-0.38,0.21,0.3,0.4,0.08,2.97,-0.98,4.83,0.59,0.22,0.28,-0.2,-0.03,-0.78,-1.49,-0.19,-1.12,-1.32
2023-12-04,-0.65,-0.65,0.01,0.13,-3.06,0.26,-1.7,1.14,-0.19,0.75,0.71,0.09,1.03,-1.03,-1.34,-0.33,0.2,1.33
2023-12-05,-1.9,-1.87,-1.29,-1.28,-2.07,-3.4,-1.93,-1.91,-1.24,-2.3,-2.34,-1.92,-1.81,-1.65,-1.98,-1.46,-2.34,-1.03
2023-12-06,0.16,0.35,-0.04,-0.04,0.13,0.18,0.07,2.34,-0.54,0.0,-0.13,1.52,2.24,0.16,1.25,-0.41,0.16,2.67
2023-12-07,-0.24,-0.15,0.15,0.12,-0.52,1.21,-0.48,3.17,0.66,-0.67,-0.88,-0.58,-0.81,-1.73,-0.71,0.23,-0.82,0.35
2023-12-08,0.24,2.45,-0.02,0.21,1.66,3.73,0.35,-1.11,-0.72,-1.32,-1.9,-0.29,-0.65,1.62,-0.14,-0.21,-0.53,-1.73
2023-12-11,0.59,1.18,1.53,1.55,0.48,2.15,0.42,2.26,1.72,1.88,2.06,0.47,-0.77,1.57,-0.68,0.5,0.11,1.13
2023-12-12,0.21,-0.97,0.76,0.47,-1.1,-0.86,0.02,0.32,-0.23,0.59,0.2,-0.25,-0.37,-0.5,1.64,1.11,0.82,-0.51
2023-12-13,-1.67,-1.0,-0.83,-0.79,-1.09,-1.25,-1.75,-0.12,-1.28,-0.51,-0.37,-1.39,-1.84,-1.08,-2.11,-1.2,-2.69,-1.79
2023-12-14,-0.52,-0.62,-0.09,0.11,-0.46,-0.34,-0.66,-0.73,-0.43,-0.54,-0.52,-0.86,-0.09,-0.66,0.55,-0.39,0.01,-0.66
2023-12-15,-0.31,-0.98,-0.59,-0.7,-0.71,-1.48,-0.8,1.62,-0.03,-0.92,-1.1,-0.42,0.45,-1.08,1.78,-0.4,-0.01,-0.1
2023-12-18,-0.36,-0.81,-0.22,-0.04,-0.09,-1.03,-0.11,-2.15,-0.2,-1.99,-2.15,-1.96,-1.32,-2.1,-1.69,0.26,-2.42,-0.04
2023-12-19,0.14,0.62,-0.17,-0.19,-0.41,0.55,-0.24,0.54,-0.16,-0.05,-0.48,-0.39,-0.24,1.34,-1.39,-0.08,0.73,-0.48
2023-12-20,-1.1,-1.2,-0.45,-0.23,-0.66,-3.18,-1.21,-3.14,-2.71,-2.29,-2.59,-1.28,-0.05,-0.92,-0.04,-0.29,-2.14,-1.13
2023-12-21,1.01,1.45,-0.1,-0.42,0.47,1.57,1.43,0.71,-0.08,0.8,0.87,1.44,0.92,0.68,-0.1,0.46,1.71,0.1
2023-12-22,0.19,-0.53,-0.23,-0.32,-1.07,-2.43,-0.15,-6.74,-0.16,2.05,2.98,0.99,1.77,-1.86,-5.31,0.07,-1.06,0.31
2023-12-25,0.31,-0.72,0.16,0.12,0.41,0.49,0.7,-1.17,-0.82,1.39,2.44,0.8,0.6,-1.19,,0.1,-0.2,0.26
2023-12-26,-0.68,-1.43,-0.59,-0.72,-1.4,-2.27,-0.69,-1.92,-1.04,-1.16,-0.92,-1.14,-0.23,-2.59,,-0.24,-1.24,-0.46
2023-12-27,0.35,0.58,0.57,0.55,0.39,0.36,0.22,-0.35,0.72,0.0,-0.19,0.37,0.65,2.92,1.95,0.38,-0.33,2.53
2023-12-28,2.34,2.45,-0.13,-0.7,2.92,2.56,2.33,0.69,2.3,1.29,1.43,3.1,2.76,1.14,3.4,0.81,3.81,0.07
2023-12-29,0.49,0.19,0.52,0.54,0.14,1.37,0.33,2.24,0.13,1.36,1.11,0.62,0.29,0.09,-0.18,0.77,-0.14,0.74
2024-01-02,-1.3,-1.43,1.03,1.47,-1.5,-2.29,-1.5,-0.44,-1.3,0.49,0.41,-0.18,0.13,-2.52,-1.2,-1.01,-0.41,0.25
2024-01-03,-0.24,-1.19,1.06,1.36,-0.47,-3.0,-0.13,0.86,0.25,-1.13,-1.17,-0.94,-0.05,-1.74,-1.38,0.48,0.89,-0.88
2024-01-04,-0.92,-0.71,0.43,0.81,-0.73,-1.32,-1.15,-1.01,-1.02,-1.13,-1.32,-1.45,-0.95,-1.17,-0.72,0.23,-0.81,-0.79
2024-01-05,-0.54,-1.96,0.06,0.28,-2.08,-2.04,-1.16,-2.18,-0.72,-3.08,-3.58,-1.46,-0.56,-1.55,-1.26,1.08,-1.12,-1.2
2024-01-08,-1.29,-2.88,-1.04,-0.89,-1.44,-2.73,-1.33,-1.63,-1.84,-2.92,-3.17,-2.3,-1.19,-3.48,-3.12,-0.69,-1.24,-2.53
2024-01-09,0.2,-0.19,0.56,0.58,0.44,-0.24,0.33,0.12,-0.4,-0.66,-0.96,0.26,0.88,-1.01,-1.37,0.34,3.81,0.11
2024-01-10,-0.47,-0.74,-0.55,-0.56,-0.07,-1.39,0.27,-2.83,-0.55,-0.92,-1.14,-0.23,-0.35,-0.81,-0.27,-0.48,-0.05,-1.01
2024-01-11,0.57,1.64,-0.51,-0.88,1.75,2.48,0.74,2.49,1.05,1.67,1.41,1.87,1.29,1.17,2.65,-0.15,0.28,1.67
2024-01-12,-0.35,-1.46,0.24,0.33,-1.27,-1.86,-0.55,-1.73,-0.92,-0.31,-0.34,-0.61,-0.09,-1.03,-0.66,0.7,-0.7,1.01
2024-01-15,-0.1,-0.64,0.5,0.62,-0.2,-0.82,0.0,0.0,-0.21,-2.25,-2.66,-0.89,-0.94,-0.07,-0.31,0.61,2.66,-1.57
2024-01-16,0.61,0.52,0.35,0.45,-0.29,-0.61,0.33,-1.0,1.1,-0.76,-0.7,-0.16,-0.16,0.69,-2.21,1.23,1.89,0.69
2024-01-17,-2.18,-2.62,-1.4,-1.3,-2.86,-1.92,-2.71,-2.59,-1.9,-3.1,-3.0,-2.66,-3.19,-3.59,-6.05,-0.66,-3.11,-2.42
2024-01-18,1.41,1.48,-0.66,-0.69,1.19,2.71,1.68,-0.03,1.18,0.27,1.06,-0.3,0.1,1.03,0.5,0.22,0.24,-0.06
2024-01-19,-0.15,-0.37,-0.59,-0.71,-0.16,-0.88,0.12,0.89,-0.85,-1.18,-1.23,-0.77,-0.43,-0.53,-1.81,0.02,1.11,-1.03
2024-01-22,-1.56,-3.04,-3.31,-3.13,-3.49,-3.53,-2.27,-6.59,-2.33,-4.44,-3.86,-5.08,-4.49,-5.57,-4.12,-0.19,-4.44,-4.04
2024-01-23,0.4,1.01,1.2,1.24,0.88,2.98,-0.14,2.36,2.08,1.29,0.99,1.44,1.03,0.95,3.38,-0.08,-0.37,0.17
2024-01-24,1.4,0.07,2.22,2.4,0.84,0.31,0.6,1.93,4.22,1.52,1.19,1.35,1.33,-0.61,4.5,1.5,1.76,0.48
2024-01-25,2.01,2.07,2.88,2.71,1.3,2.64,1.56,4.1,1.18,4.52,4.38,3.34,2.91,3.31,0.0,1.55,3.53,1.68
2024-01-26,-0.27,-2.57,1.31,1.36,-3.5,-1.89,-1.09,-0.09,-0.04,-1.05,-0.95,-0.64,0.16,-3.94,-4.04,1.54,0.13,0.18
2024-01-29,-0.9,-2.79,0.27,0.46,-3.06,-3.73,-1.04,-2.35,-1.77,-1.84,-1.92,-1.8,-1.79,-2.57,-0.21,0.87,-1.59,-0.86
2024-01-30,-1.78,-3.79,-1.32,-1.18,-1.68,-2.13,-2.12,-3.35,-1.33,-1.63,-1.78,-2.92,-1.91,-4.84,-3.52,-0.97,-2.88,-1.88
2024-01-31,-0.91,-1.86,-0.37,0.15,-3.1,-4.45,-2.26,-3.03,-1.05,-4.09,-4.44,-3.14,-2.68,-2.61,-3.43,0.09,-4.46,-2.13
2024-02-01,0.07,0.75,-1.0,-1.11,1.14,2.37,0.29,-1.53,-0.42,-0.37,-0.27,-1.15,-0.41,0.92,2.36,-0.65,-0.78,-0.09
2024-02-02,-1.18,-2.41,-0.08,0.23,-3.31,-3.41,-1.68,-2.57,-2.14,-3.46,-4.16,-4.07,-2.38,-4.2,-0.9,0.1,-0.68,-0.86
2024-02-05,0.65,0.5,-0.08,0.38,0.62,-2.5,0.67,-8.17,-1.99,-3.47,-2.19,-4.86,-2.53,-2.48,-0.11,1.14,-3.01,-2.05
2024-02-06,3.48,6.5,2.36,1.6,7.35,7.68,5.18,5.08,5.77,6.48,7.27,7.89,5.59,8.11,6.12,1.22,4.38,2.82
2024-02-07,0.96,3.14,1.97,1.61,4.09,2.73,3.17,2.23,1.36,5.24,4.89,7.03,3.73,3.74,-0.73,-0.69,1.91,2.55
2024-02-08,0.64,1.09,0.07,-0.09,-0.47,3.01,-0.02,3.74,0.89,2.69,2.48,2.28,1.23,3.38,0.18,-0.51,2.49,1.66
2024-02-09,,,,,,,,,,,,,,,-1.47,,,
2024-02-14,,,,,,,,,,,,,,,1.9,,,
2024-02-15,,,,,,,,,,,,,,,0.34,,,
2024-02-16,,,,,,,,,,,,,,,4.46,,,
2024-02-19,1.16,1.57,1.99,2.37,-1.0,6.14,-0.65,3.64,-1.27,0.23,-1.01,-0.26,0.72,0.55,-2.86,1.9,1.26,-1.08
2024-02-20,0.21,-1.13,1.15,1.46,0.48,-0.21,0.16,0.98,1.28,-0.23,-0.14,-0.62,0.32,-0.94,0.97,0.76,0.06,1.58
2024-02-21,1.35,0.06,0.02,-0.2,0.83,-0.99,1.9,0.14,0.87,0.45,0.64,0.61,0.77,0.72,3.06,2.68,1.36,0.35
2024-02-22,0.86,0.96,1.46,1.76,-0.24,3.07,0.61,1.9,1.17,1.15,0.67,1.09,1.2,1.14,1.52,0.1,0.63,0.43
2024-02-23,0.09,0.28,-0.35,-0.57,0.09,0.26,0.14,3.47,0.23,1.0,0.87,0.84,1.04,1.78,0.24,0.55,-0.51,0.35
2024-02-26,-1.04,0.52,-1.76,-2.13,0.44,1.11,-0.44,0.0,-0.92,0.58,0.59,0.52,-1.12,0.64,-0.57,-2.5,-0.86,0.33
2024-02-27,1.2,3.7,0.52,0.51,0.95,5.53,0.61,3.68,1.76,2.96,2.48,1.86,1.15,4.27,0.67,0.07,1.04,1.65
2024-02-28,-1.27,-3.18,-0.94,-0.57,-1.67,-4.56,-1.2,-5.0,-1.59,-3.7,-3.19,-3.0,-1.29,-5.83,-3.28,-0.25,-1.83,-2.46
2024-02-29,1.91,4.68,1.15,0.94,2.21,4.36,1.96,3.59,2.04,4.14,3.34,3.0,2.85,8.51,1.2,0.45,1.64,0.93
2024-03-01,0.62,0.96,0.0,-0.03,-0.44,3.91,-0.04,2.4,0.59,1.47,1.35,0.95,0.86,0.59,2.06,-0.12,-0.53,-1.08
2024-03-04,0.09,0.37,0.47,0.7,1.88,1.33,0.71,1.6,-1.21,0.08,-0.55,-0.03,0.44,0.4,1.02,-0.86,-0.69,-0.39
2024-03-05,0.7,-0.09,0.54,0.61,-0.96,-0.24,0.47,-0.64,-0.66,0.61,1.28,-0.25,0.09,-1.73,-4.42,1.81,-0.29,1.06
2024-03-06,-0.41,-0.72,-0.03,-0.01,-0.42,-0.95,-0.91,-1.18,-0.03,-0.38,-0.48,0.37,0.49,-1.09,2.71,-0.83,-0.2,-0.48
2024-03-07,-0.6,-2.18,0.48,0.6,-3.38,-2.77,-1.82,-2.7,-1.1,-2.36,-2.55,0.97,2.14,-1.22,-1.92,0.41,0.2,0.42
2024-03-08,0.43,1.13,0.55,0.67,-0.28,1.99,-0.25,0.95,0.03,1.58,1.43,0.86,1.02,1.64,0.92,-0.14,-1.42,-0.57
2024-03-11,1.25,1.9,-0.75,-1.07,3.3,0.91,2.09,1.93,1.53,1.29,1.66,1.7,1.27,1.23,4.08,-0.26,2.06,1.33
2024-03-12,0.23,-0.08,-1.88,-2.42,1.53,-0.15,2.23,0.23,0.54,0.37,1.88,-0.93,-2.09,1.35,5.57,-0.86,2.95,0.92
2024-03-13,-0.7,-0.34,-0.42,-0.46,-0.86,0.59,-0.78,2.16,-1.27,0.21,0.15,0.0,0.67,-0.64,0.25,-0.82,-0.85,-1.99
2024-03-14,-0.28,-1.24,0.27,0.2,-0.04,-0.98,-0.08,-1.94,-0.93,-1.7,-1.8,-0.29,1.43,-2.0,-1.63,-0.14,1.02,-0.92
2024-03-15,0.22,0.47,0.0,-0.1,-0.32,1.73,0.0,0.65,0.66,0.69,0.57,2.77,3.35,0.31,-1.68,0.68,0.47,0.28
2024-03-18,0.94,2.07,-0.24,-0.52,1.33,2.26,0.46,2.94,2.23,2.42,2.15,1.85,0.27,1.85,2.61,-0.23,0.76,0.67
2024-03-19,-0.72,-1.65,-0.36,-0.22,-1.54,-1.2,-1.08,0.28,-1.82,-0.36,-0.18,1.18,-0.47,-0.84,-1.7,-0.86,-1.23,2.59
2024-03-20,0.22,0.28,0.39,0.31,0.18,0.92,-0.29,4.27,0.2,0.31,-0.13,-0.03,-0.32,0.47,0.89,0.76,0.52,0.55
2024-03-21,-0.12,-0.97,0.12,0.16,-1.38,-0.66,-0.37,2.21,0.48,-0.11,-0.12,0.13,0.62,0.54,1.48,0.73,0.36,3.19
2024-03-22,-1.01,-1.48,-0.34,-0.06,-1.86,-0.79,-1.15,3.44,-1.66,-1.4,-2.19,-2.09,-2.73,-0.11,-2.76,-0.36,-2.11,-1.94
2024-03-25,-0.54,-1.58,0.09,0.33,-1.22,-2.35,-0.54,-5.47,-3.01,-2.24,-2.24,-1.44,0.77,-2.2,0.1,0.43,-1.38,-1.46
2024-03-26,0.51,-1.22,-0.07,-0.29,-0.62,-2.39,0.44,-1.95,0.36,-0.49,-1.14,-0.46,-0.17,-2.29,0.79,1.44,-0.33,0.47
2024-03-27,-1.16,-2.5,-0.34,-0.12,-1.53,-3.84,-1.01,-3.42,-1.9,-3.44,-3.66,-3.01,-1.46,-4.09,-2.05,0.43,-1.38,-1.38
2024-03-28,0.52,1.39,-0.09,-0.3,0.06,3.69,0.5,2.48,0.37,3.79,4.01,2.18,1.84,0.12,2.44,-1.35,1.69,-0.46
2024-03-29,0.47,-0.07,1.03,0.91,-0.13,-0.93,-0.08,-0.56,0.42,1.86,0.75,1.71,3.11,0.57,,0.08,0.24,2.36
2024-04-01,1.64,1.68,0.3,-0.21,1.76,2.59,1.92,2.51,1.43,1.0,1.0,1.75,2.09,0.99,,0.96,2.7,2.2
2024-04-02,-0.42,-0.87,0.37,0.64,-1.2,-1.91,-0.96,-3.38,-0.66,-1.42,-1.34,1.03,0.98,-1.2,2.92,0.17,-0.55,-0.78
2024-04-03,-0.36,-1.56,0.99,1.3,-0.93,-2.6,-0.31,-2.52,-0.71,-1.32,-1.27,1.62,3.37,-0.94,-2.44,-0.56,-0.85,1.68
2024-04-05,,,,,,,,,,,,,,,-0.26,,,
2024-04-08,-0.88,-2.13,-0.16,0.17,-2.64,-0.34,-1.55,-1.94,-1.86,-2.09,-2.11,-1.37,-0.19,-2.05,-0.43,0.57,-1.68,-1.16
2024-04-09,-0.08,1.21,-0.36,-0.43,2.24,0.11,0.6,0.93,0.28,0.4,0.75,3.18,0.3,1.7,1.24,-0.48,1.81,-0.58
2024-04-10,-0.81,-1.85,0.23,0.45,-1.84,-2.52,-0.79,-3.05,-1.86,-1.69,-1.74,-3.0,0.57,-2.99,1.45,0.12,-0.09,-1.72
2024-04-11,-0.01,0.4,0.88,1.19,-1.0,1.41,-0.25,1.9,-0.37,-0.55,-0.7,-0.22,-0.26,-1.37,0.11,-0.22,1.32,-1.56
2024-04-12,-0.81,-0.03,-0.34,-0.21,-0.99,0.85,-0.99,-2.29,-1.82,-0.46,-0.56,-0.72,1.11,-0.96,-1.01,-0.55,-0.41,-1.8
2024-04-15,2.11,1.69,1.85,2.02,0.72,0.22,1.57,-1.91,1.8,2.32,2.99,-0.95,-0.03,2.49,-0.92,1.85,-1.07,-0.18
2024-04-16,-1.07,-2.36,-0.33,0.07,-2.83,-2.98,-0.96,-4.74,-1.88,-3.9,-3.05,-4.28,-4.64,-3.56,-2.9,0.03,-4.21,-1.55
2024-04-17,1.55,2.42,1.84,1.74,1.7,4.18,1.08,4.99,2.13,3.55,3.11,3.96,2.46,3.61,0.04,1.78,1.87,1.42
2024-04-18,0.12,-0.69,0.43,0.57,-0.13,-0.94,0.09,-0.48,0.67,0.29,0.46,-0.02,1.28,-0.8,0.19,1.1,0.64,0.86
2024-04-19,-0.79,-2.03,0.3,0.13,-1.52,-2.84,-0.92,-0.84,-0.58,1.34,1.48,-2.07,-0.68,-3.84,-2.53,-0.25,-2.54,-0.31
2024-04-22,-0.3,0.17,-2.03,-2.35,1.23,-1.22,0.66,-2.16,0.09,1.29,2.52,-1.24,-2.26,0.38,3.0,-0.74,1.92,3.01
2024-04-23,-0.7,-0.54,-1.66,-1.51,1.41,-0.22,0.48,1.22,-0.13,-1.46,-1.27,-2.43,-4.49,1.0,4.23,-0.07,-1.63,0.05
2024-04-24,0.44,1.48,0.14,-0.08,-0.08,4.14,0.1,0.95,0.16,2.22,2.21,2.58,1.09,1.3,4.7,-0.3,1.22,-0.47
2024-04-25,0.25,-0.72,0.5,0.6,0.71,-1.17,0.07,-0.71,-0.29,-1.36,-1.33,0.28,0.54,0.17,-1.08,1.45,0.34,0.18
2024-04-26,1.53,2.58,-0.63,-0.91,2.35,4.32,1.85,3.66,6.01,1.26,0.78,1.74,2.68,2.68,5.28,-1.48,1.42,0.06
2024-04-29,1.11,3.18,-0.12,-0.94,2.85,3.0,1.54,3.29,1.48,1.05,1.12,1.9,-0.48,5.52,-0.64,1.03,1.29,0.96
2024-04-30,-0.54,-1.12,0.08,0.28,-0.67,-0.37,0.34,-1.95,-1.74,-1.46,-0.95,-2.08,-0.94,-1.59,-0.84,0.47,-1.43,0.44
2024-05-02,,,,,,,,,,,,,,,6.26,,,
2024-05-03,,,,,,,,,,,,,,,1.66,,,
2024-05-06,1.48,1.33,0.99,0.55,2.95,0.59,2.46,0.1,0.57,1.04,0.44,2.04,0.83,1.34,0.45,-0.01,0.07,1.18
2024-05-07,0.03,-1.01,0.04,0.1,0.53,-1.54,-0.07,0.05,-0.31,2.62,2.82,0.82,0.65,-0.72,-2.4,-0.04,-0.37,0.39
2024-05-08,-0.79,-1.06,0.12,0.6,-1.09,-2.01,-1.07,-2.57,-1.42,-1.22,-0.97,-1.04,-0.73,-1.51,-1.12,0.08,-1.75,2.34
2024-05-09,0.95,2.26,0.71,0.36,0.78,0.94,0.76,0.61,0.75,3.38,3.52,2.71,2.49,2.76,2.31,0.21,0.97,0.91
2024-05-10,0.05,-1.5,0.46,0.46,-0.69,-1.21,-0.46,-1.18,0.77,-1.12,-1.13,-0.89,0.74,-2.55,0.25,1.16,0.47,0.47
2024-05-13,-0.04,-0.45,0.28,0.25,-0.33,-0.64,-0.18,-0.73,0.26,-0.9,-0.69,-1.63,-1.28,-1.87,1.72,0.67,-1.24,1.23
2024-05-14,-0.21,-0.44,-0.29,-0.36,0.9,-0.45,0.3,0.71,0.51,-0.64,-0.95,-0.12,0.66,-0.47,0.8,-0.63,0.17,0.21
2024-05-15,-0.85,-1.42,-0.12,-0.16,-1.76,-1.11,-1.11,-0.32,-2.7,-1.38,-1.26,-1.51,-1.02,-1.01,,-0.07,-0.6,-1.78
2024-05-16,0.39,-0.4,0.22,0.24,-0.18,0.55,-0.28,0.83,0.0,-0.36,-0.28,-0.64,-0.92,0.33,1.1,1.77,0.7,0.46
2024-05-17,1.03,1.06,0.98,0.63,-0.15,0.96,0.23,-0.08,1.49,1.78,1.99,1.36,1.5,1.45,0.25,1.16,2.23,1.49
2024-05-20,0.35,-0.12,0.94,1.12,0.45,1.6,-0.1,-0.24,0.08,1.11,1.26,1.66,3.75,0.13,0.65,-0.47,2.22,2.66
2024-05-21,-0.4,-0.7,0.25,0.41,-1.01,-0.77,-0.3,-0.35,-0.55,-1.39,-1.58,-1.9,-3.18,-0.32,-3.44,0.76,-0.36,0.25
2024-05-22,0.23,0.9,-0.04,0.04,-0.21,0.04,-0.71,1.12,0.21,-0.35,-0.33,0.65,-0.92,-0.11,-0.06,0.44,-0.08,-0.51
2024-05-23,-1.16,-1.67,-1.38,-1.38,-1.56,-1.82,-1.02,-2.94,-2.0,-1.01,-0.96,-2.89,-3.35,-1.26,-1.34,-0.61,-2.96,-1.55
2024-05-24,-1.11,-2.05,-0.43,-0.66,-1.31,-2.74,-1.23,-0.91,-1.36,-2.02,-2.04,-1.01,-0.14,-2.33,-3.18,-0.85,-1.33,0.54
2024-05-27,0.95,1.57,1.44,1.77,-0.05,1.27,0.7,-0.64,0.98,0.61,0.47,0.89,1.7,3.97,1.36,1.25,0.52,0.09
2024-05-28,-0.73,-0.52,-0.48,-0.25,-1.07,-1.72,-0.99,-2.22,-1.1,-0.53,-0.35,-0.35,-0.12,-0.24,-0.24,-0.37,-1.2,-1.85
2024-05-29,0.12,-0.07,0.19,0.16,-0.2,-0.24,-0.03,-0.25,0.31,-0.43,-0.42,1.83,2.5,-0.98,-2.39,-0.85,0.87,0.15
2024-05-30,-0.53,1.14,-0.9,-0.86,-0.01,0.16,-0.68,0.12,-0.23,1.69,1.55,-1.38,-3.1,2.23,-0.62,-0.79,-0.94,-1.31
2024-05-31,-0.4,0.07,0.08,0.11,-0.09,0.57,-0.42,1.06,-0.24,1.08,1.16,-0.43,-0.55,-0.78,-1.98,0.19,-0.13,-0.96
2024-06-03,0.25,0.97,-0.61,-0.66,-0.8,1.87,0.3,-0.92,-1.08,-0.64,-0.62,-2.16,-2.03,2.65,2.3,-0.99,-1.16,0.77
2024-06-04,0.75,0.43,0.51,0.29,1.25,0.46,1.21,-0.88,0.67,1.04,1.67,0.56,1.27,-0.19,0.93,0.41,1.36,0.35
2024-06-05,-0.58,-0.21,-1.27,-1.22,-0.17,-0.64,-0.82,-2.62,-0.54,0.74,1.48,-1.7,-2.28,0.15,-0.11,-1.0,-0.72,-1.87
2024-06-06,-0.07,-1.17,0.08,0.26,-1.43,-0.61,-0.46,-2.99,-1.24,-2.07,-1.98,-1.68,1.02,0.1,0.49,-0.19,-2.08,-1.57
2024-06-07,-0.5,-0.71,0.59,0.65,-0.51,-1.6,-1.04,1.74,-0.55,0.36,0.56,0.2,-0.15,0.65,-1.93,0.55,0.81,0.26
2024-06-11,-0.87,2.43,-1.66,-1.86,0.89,1.44,-0.5,-0.21,-0.06,1.1,1.85,-0.14,-2.41,5.35,-0.12,-1.8,-1.28,-0.16
2024-06-12,0.04,-0.12,1.12,1.54,0.44,0.58,-0.14,2.08,-0.02,0.03,-0.34,0.93,1.12,-0.15,-1.21,-0.43,-0.15,-0.26
2024-06-13,-0.51,0.54,-1.23,-1.13,-1.01,0.85,-0.93,-0.98,-0.14,0.39,0.08,-1.21,-1.86,1.2,2.09,-0.72,-1.15,-3.05
2024-06-14,0.44,-0.62,-0.26,-0.12,-1.06,2.51,0.12,0.51,2.36,-1.32,-1.07,0.63,0.37,-1.75,-0.26,0.27,0.3,0.62
2024-06-17,-0.15,0.38,-1.31,-1.33,-0.12,0.1,-0.23,-1.15,0.06,0.3,0.27,-0.03,-1.37,0.72,-0.43,-0.84,-0.12,-0.8
2024-06-18,0.27,-0.03,0.33,0.33,-1.16,1.64,-0.57,0.38,0.74,0.63,0.23,1.22,0.62,-1.16,-0.43,0.33,0.17,-0.6
2024-06-19,-0.47,-0.69,-0.42,-0.36,-1.17,-0.95,-1.33,-1.65,-1.39,-1.55,-1.6,-1.04,0.37,-0.04,3.84,1.12,-1.58,-1.4
2024-06-20,-0.72,0.46,-0.31,0.26,-1.28,-1.86,-1.34,-2.86,-1.03,-1.84,-2.07,-2.25,-0.62,1.57,-2.05,-0.5,-2.32,-0.71
2024-06-21,-0.22,0.43,-0.07,-0.2,0.15,0.26,-0.54,-0.21,0.17,0.13,0.12,-0.5,-0.69,-0.39,-1.5,-0.27,-0.22,0.4
2024-06-24,-0.54,-2.54,-1.29,-1.25,-1.4,-2.74,-0.47,-3.11,-1.03,-2.45,-2.08,-2.64,-1.92,-3.96,-1.13,0.21,-2.07,-2.13
2024-06-25,-0.54,-2.89,0.25,0.2,-0.81,-2.68,-0.22,-0.39,-1.5,-1.49,-1.45,-0.1,-0.05,-4.03,-0.52,0.44,0.76,-0.35
2024-06-26,0.65,1.66,0.15,0.05,2.15,4.06,0.51,4.69,1.16,2.06,1.77,2.7,1.18,1.85,0.42,0.05,0.98,0.53
2024-06-27,-0.75,-1.96,-0.65,-0.17,-1.95,-2.1,-1.6,-1.9,-1.16,-1.57,-1.88,-1.85,-2.43,-2.37,-3.36,0.83,-1.1,-0.73
2024-06-28,0.22,-0.46,0.39,0.34,-1.04,-0.27,-0.72,-0.93,-2.33,3.18,2.89,1.87,1.92,-0.86,-0.64,0.48,0.01,-0.39
2024-07-01,0.48,-0.35,2.18,2.22,-0.41,0.22,-0.06,0.86,0.13,-0.07,0.04,2.21,2.49,-0.16,,1.23,1.25,2.53
2024-07-02,-0.18,-1.48,-0.13,0.22,-1.26,-0.51,-0.64,-0.15,-0.48,-0.91,-1.24,-2.14,-1.48,-1.57,-0.78,1.61,-0.34,-1.05
2024-07-03,-0.24,0.38,-0.82,-0.84,-0.87,-1.17,-0.18,-0.56,0.19,-1.63,-1.99,-1.24,-0.04,1.95,2.81,-0.93,2.31,-0.42
2024-07-04,-0.51,-1.63,-0.65,-0.56,-1.87,-1.24,-1.14,-2.6,-1.89,-1.21,-1.21,-2.09,-0.68,-2.6,-0.1,0.2,-3.52,-2.23
2024-07-05,-0.43,1.23,-0.36,-0.52,2.66,0.45,0.45,1.36,0.15,0.42,0.16,1.38,2.66,-0.01,-1.26,-2.15,0.56,0.87
2024-07-08,-0.85,-0.91,-0.73,-0.67,-3.08,-1.39,-1.79,-2.94,-2.65,-1.88,-2.2,-1.34,-1.0,-0.92,-1.17,0.51,-1.63,-0.57
2024-07-09,1.12,2.51,1.05,0.79,0.3,3.45,0.9,1.01,2.04,1.45,0.93,2.01,1.92,3.34,0.74,0.53,1.21,-2.0
2024-07-10,-0.32,0.07,-2.03,-2.56,0.24,0.72,0.35,-1.92,0.14,-0.03,-0.01,-1.18,-1.49,-0.99,-0.3,-0.31,-1.18,0.9
2024-07-11,1.14,1.08,0.19,-0.31,3.39,0.78,2.04,2.26,1.44,2.5,2.47,3.33,3.8,0.49,2.04,-1.62,3.94,1.03
2024-07-12,0.12,0.05,-0.55,-0.45,0.1,-0.73,0.31,-0.93,-0.26,-0.51,-0.72,-1.31,-1.89,1.17,2.52,1.84,0.11,-1.06
2024-07-15,0.11,-0.35,0.87,1.27,-1.67,-0.91,-0.69,0.25,-0.01,-0.51,-0.67,-0.88,1.0,1.13,-2.65,0.89,-0.95,2.26
2024-07-16,0.63,2.26,-0.69,-0.63,-0.04,2.32,0.06,-0.31,0.82,0.73,0.85,0.76,0.75,1.3,-1.31,-0.67,0.14,0.63
2024-07-17,0.09,-0.42,-0.67,-0.64,2.38,-1.4,1.46,-0.01,0.66,-0.73,-0.09,-1.7,-2.73,1.47,0.68,0.47,1.22,0.8
2024-07-18,0.55,0.88,0.14,0.19,1.04,-0.61,0.52,-0.69,0.6,2.13,2.49,0.0,-0.04,1.86,-0.63,-0.24,0.25,0.08
2024-07-19,0.51,1.91,-0.69,-0.67,0.24,0.94,0.62,0.69,1.2,1.52,1.67,0.03,-1.75,1.12,-1.86,-0.17,-0.13,0.48
2024-07-22,-0.68,0.34,-0.92,-0.93,0.83,0.45,-0.5,-0.38,0.71,0.65,0.61,0.15,-1.06,0.15,2.13,-1.53,-0.48,-1.02
2024-07-23,-2.14,-4.11,-1.24,-0.9,-3.21,-3.69,-3.38,-2.31,-2.35,-3.06,-2.68,-2.88,-4.86,-5.61,-2.33,0.91,-1.89,-2.91
2024-07-24,-0.63,-1.08,-0.22,0.04,-1.73,-1.11,-1.46,-1.62,-1.14,0.73,0.94,-1.19,-0.89,-2.1,-1.91,-0.13,-1.79,-1.7
2024-07-25,-0.55,0.08,-0.24,-0.29,0.54,-1.52,-0.21,0.96,1.06,-1.0,-0.5,0.24,-2.47,-0.43,-2.37,-0.88,0.82,0.65
2024-07-26,0.29,0.84,-0.02,-0.64,0.32,0.79,0.84,1.57,1.82,3.45,4.01,2.57,2.23,1.92,0.58,-1.49,0.68,0.28
2024-07-29,-0.54,-1.7,0.09,0.25,-1.64,0.04,-1.59,0.12,-0.83,0.8,0.13,-0.15,-0.05,-1.82,1.19,1.38,-1.44,-1.29
2024-07-30,-0.63,0.34,-0.63,-0.43,-0.21,-0.41,-0.43,0.5,0.37,0.33,0.28,-0.17,-1.0,1.52,-2.21,-0.4,0.16,0.95
2024-07-31,2.16,4.7,1.58,0.9,5.34,3.73,3.93,4.37,5.1,1.44,1.17,3.53,3.88,4.83,3.58,-0.28,4.09,2.88
2024-08-01,-0.66,-0.61,-0.18,0.03,-1.29,-0.74,-1.72,-0.66,-0.35,0.24,-0.24,-0.23,-0.38,1.58,-0.6,0.2,-0.63,-0.88
2024-08-02,-1.02,-1.79,-0.26,-0.18,1.18,-3.4,-0.24,-0.98,-2.07,-0.96,-0.74,-1.33,-1.52,-2.71,-2.43,-0.42,0.02,1.12
2024-08-05,-1.21,-2.94,-1.15,-1.35,-0.32,-4.27,0.02,-0.6,-0.58,-3.12,-2.37,-2.6,-2.37,-3.8,-0.37,-0.82,0.82,-0.68
2024-08-06,-0.01,1.36,-0.31,-0.3,1.64,1.27,0.75,1.84,0.02,2.47,3.19,1.12,-0.06,1.82,0.26,-1.05,1.72,0.87
2024-08-07,-0.04,-0.88,0.27,0.31,-0.77,-1.06,-0.04,-0.73,-0.39,0.63,0.3,-0.15,0.24,-0.72,0.72,0.17,-1.36,-1.78
2024-08-08,0.04,0.19,0.47,0.44,-0.09,-0.65,0.67,0.91,0.35,-3.13,-3.41,-0.28,-0.87,1.63,-0.65,0.22,0.08,1.12
2024-08-09,-0.34,-0.48,-0.42,-0.46,-1.75,0.04,-0.91,-2.07,-1.0,-1.21,-0.95,-0.57,0.24,-1.21,1.49,0.46,-1.78,-1.45
2024-08-12,-0.17,0.25,0.56,0.73,0.48,-0.62,0.41,-1.06,-0.25,-1.07,-0.86,-0.52,0.04,-0.56,-0.68,-0.16,-1.98,0.8
2024-08-13,0.26,0.48,0.15,0.12,-0.36,0.82,-0.77,-0.07,1.3,1.28,1.21,0.84,0.66,0.7,0.3,0.43,-0.37,0.47
2024-08-14,-0.75,-1.38,-0.45,-0.32,-1.95,-0.54,-1.26,1.08,-0.75,-1.22,-1.45,-1.3,-1.43,-2.79,-1.2,-0.06,-1.0,-1.68
2024-08-15,0.99,0.94,0.89,0.97,0.48,0.64,0.58,2.63,1.14,0.44,0.29,0.74,0.92,0.26,0.06,1.31,1.13,0.15
2024-08-16,0.11,-0.33,0.01,0.12,-0.11,0.26,-0.37,-1.56,-0.75,-1.42,-1.97,-0.71,-0.06,-0.32,1.54,1.18,-0.69,-1.71
2024-08-19,0.34,-0.27,0.84,1.0,-0.92,0.61,-0.71,1.0,-0.07,-0.39,-0.34,0.33,1.74,-0.94,1.31,1.92,0.43,-1.01
2024-08-20,-0.72,-1.39,-1.15,-1.28,-1.98,-1.48,-1.02,-0.12,-1.08,-1.64,-1.44,-1.73,-1.07,-1.75,-0.69,0.3,-1.12,-2.3
2024-08-21,-0.33,-0.27,-0.79,-0.82,-0.88,0.1,-0.53,-1.71,-0.33,-0.56,-0.81,0.92,1.17,-0.54,-1.56,-0.73,-0.26,-1.87
2024-08-22,-0.26,-0.88,-0.16,-0.03,-1.91,-1.8,-0.61,-3.55,-1.75,-0.43,-0.27,-1.45,-1.44,-1.49,1.78,0.85,-1.86,-1.12
2024-08-23,0.42,0.03,0.1,-0.02,-0.43,0.43,0.71,-0.27,0.97,0.06,0.1,-0.43,-0.44,-0.76,-0.3,0.54,0.64,-0.6
2024-08-26,-0.09,-0.48,-0.11,-0.49,-1.33,-0.74,-0.64,-0.23,-0.27,-0.71,-0.73,2.33,1.26,0.54,1.34,0.11,0.1,0.82
2024-08-27,-0.57,-1.19,-0.02,0.24,-0.33,-1.61,-0.47,-2.0,-0.93,-1.61,-1.39,-1.81,-1.28,-0.25,-0.62,0.27,-1.22,-1.87
2024-08-28,-0.57,-0.46,-0.52,-0.49,0.15,0.0,-0.68,1.52,0.03,1.03,1.22,0.55,-0.79,0.53,-2.1,-0.77,-0.37,0.43
2024-08-29,-0.27,1.25,-1.45,-1.99,1.93,0.14,1.49,0.52,0.43,1.46,1.47,2.45,0.94,1.71,2.71,-3.27,0.6,0.34
2024-08-30,1.33,2.14,0.35,0.07,1.98,2.51,1.61,3.39,2.62,1.19,1.45,1.71,0.19,2.45,2.3,-2.29,2.11,1.22
2024-09-02,-1.7,-3.48,0.37,0.86,-3.08,-3.58,-2.48,-3.08,-2.55,-3.52,-2.33,-1.72,-2.25,-4.54,-1.88,0.37,-1.85,-1.4
2024-09-03,0.26,0.74,-0.72,-1.0,0.68,1.66,1.46,0.69,0.87,1.3,1.34,0.93,0.47,0.52,0.5,-1.77,0.54,0.81
2024-09-04,-0.65,-0.4,-0.13,0.13,0.91,-0.67,-0.14,-0.97,-0.15,-0.19,-0.22,-0.88,-2.25,0.09,-0.82,-0.35,-0.15,-1.31
2024-09-05,0.17,-0.15,0.01,-0.02,1.25,0.41,0.74,2.36,0.97,0.49,0.48,0.11,-0.02,0.32,0.62,-0.16,0.76,0.84
2024-09-06,-0.81,-1.33,-0.96,-0.96,-2.06,-1.67,-1.18,-1.22,0.48,-1.39,-1.5,-1.83,-0.68,-2.84,0.0,0.2,-1.02,-1.21
2024-09-09,-1.19,-1.12,-1.69,-1.67,0.19,-0.52,-0.99,0.01,-0.02,-0.26,-0.44,-0.71,-1.93,-0.53,-0.71,-1.77,-0.4,-0.07
2024-09-10,0.09,0.77,0.08,0.18,-0.85,2.01,-0.55,0.57,-0.51,0.56,0.24,-0.2,-0.16,1.2,-0.58,0.74,-1.75,-0.84
2024-09-11,-0.3,0.65,-1.94,-2.31,0.81,0.57,1.06,-1.05,0.11,-0.15,-0.27,0.29,1.15,-0.14,-0.1,-2.32,-0.55,-0.77
2024-09-12,-0.43,-0.82,0.29,0.41,-0.46,-0.34,-1.37,-0.4,-0.27,-0.43,-0.57,-0.55,-0.2,-0.85,0.56,0.72,-0.63,-1.22
2024-09-13,-0.42,-0.58,-0.45,-0.43,-1.03,0.46,-1.05,-0.81,0.14,-0.88,-0.8,-1.52,-0.37,-1.49,0.09,-0.3,-0.73,-0.78
2024-09-16,,,,,,,,,,,,,,,1.04,,,
2024-09-17,,,,,,,,,,,,,,,0.96,,,
2024-09-18,0.37,-1.17,1.15,1.33,-0.9,-0.37,0.3,-0.96,0.09,0.03,-0.38,-0.29,0.83,0.03,,1.02,-0.95,-2.23
2024-09-19,0.79,0.63,0.31,-0.25,1.63,0.69,1.53,2.58,1.39,0.23,0.06,2.6,3.01,0.06,2.66,0.0,1.81,2.34
2024-09-20,0.16,-0.48,-0.12,-0.05,-0.78,0.11,-0.57,-0.15,-0.09,-1.63,-0.6,-0.15,1.34,-1.2,1.2,0.75,0.0,-1.09
2024-09-23,0.37,-0.82,1.06,1.21,-0.72,0.13,0.02,0.45,-0.01,0.26,0.41,-0.6,-0.12,-1.96,-0.63,1.58,-0.44,-0.54
2024-09-24,4.33,3.73,4.48,4.58,3.74,4.42,3.91,3.57,5.91,3.17,3.2,3.96,3.95,4.27,4.57,4.27,3.85,5.35
2024-09-25,1.48,0.04,1.35,1.46,1.0,0.3,0.76,2.11,2.13,1.76,1.09,0.75,1.12,-0.27,0.74,1.96,1.62,0.46
2024-09-26,4.23,3.87,3.63,3.36,4.92,4.03,6.05,3.81,5.74,3.24,3.17,3.38,3.75,4.68,7.41,3.6,6.1,5.11
2024-09-27,4.47,6.76,1.46,0.77,8.88,6.9,5.87,5.28,8.9,4.88,4.55,5.42,4.1,6.87,5.98,-0.92,5.46,5.66
2024-09-30,8.48,17.88,6.41,5.81,13.57,13.5,8.54,10.81,10.37,10.28,9.37,10.07,7.54,18.28,8.0,4.64,8.89,8.62
2024-10-02,,,,,,,,,,,,,,,9.43,,,
2024-10-03,,,,,,,,,,,,,,,-3.03,,,
2024-10-04,,,,,,,,,,,,,,,4.75,,,
2024-10-07,,,,,,,,,,,,,,,3.11,,,
2024-10-08,5.93,17.38,0.95,-0.02,11.74,14.1,4.04,6.75,10.56,9.27,9.0,6.94,2.08,19.41,-13.92,2.84,0.65,1.73
2024-10-09,-7.05,-2.55,-7.64,-7.25,-10.96,-5.6,-7.49,-11.67,-4.22,-7.09,-6.78,-8.61,-8.18,-1.92,-1.87,-6.12,-8.97,-8.55
2024-10-10,1.06,-4.38,3.1,3.66,-0.84,-3.52,1.17,-0.09,-6.04,0.75,0.33,1.19,1.66,-6.82,1.58,3.97,0.51,2.22
2024-10-11,-2.77,-5.79,-1.75,-1.35,-5.49,-4.64,-3.27,-4.42,-0.13,-5.14,-5.19,-4.35,-1.99,-7.4,,-1.07,-2.69,-3.54
2024-10-14,1.91,3.01,2.63,2.68,0.77,3.22,0.91,2.02,0.6,4.01,4.29,2.63,3.14,2.5,-2.71,3.3,0.25,1.48
2024-10-15,-2.66,-2.93,-2.23,-2.27,-3.38,-2.15,-2.84,-0.8,-3.59,-0.52,-0.98,-2.7,-3.58,-2.61,-4.93,-2.09,-2.05,-2.41
2024-10-16,-0.63,-2.57,1.37,1.37,-1.38,-2.38,-1.61,0.6,0.68,-1.29,-1.26,-0.59,0.84,-2.29,-0.58,2.49,-0.09,-0.39
2024-10-17,-1.13,0.39,-1.67,-1.62,-1.05,1.8,-1.23,0.15,-0.64,0.74,0.7,-0.82,-1.51,-0.38,-0.95,-1.49,-0.9,-1.68
2024-10-18,3.62,11.33,0.87,0.68,4.78,7.2,3.21,2.68,6.88,3.67,3.59,3.39,2.27,12.48,6.07,0.46,2.77,2.46
2024-10-21,0.25,2.22,-0.65,-0.56,0.24,1.71,0.52,3.43,-2.08,4.26,3.88,2.02,2.56,2.14,-2.2,-1.26,2.82,1.5
2024-10-22,0.57,-1.45,0.65,0.53,1.26,-0.75,1.35,3.04,0.82,-1.4,-1.13,2.25,0.77,-2.05,0.74,-0.01,0.2,2.12
2024-10-23,0.39,-0.68,0.17,0.0,0.1,-1.8,0.78,-2.39,-0.51,2.5,2.75,1.31,0.12,-0.8,2.03,0.36,0.5,0.16
2024-10-24,-1.12,-0.16,-0.52,-0.65,-1.28,-0.56,-1.48,-0.16,-0.18,-2.42,-2.24,-1.67,-1.53,0.45,-3.06,-0.23,-1.08,-0.79
2024-10-25,0.7,1.39,0.09,-0.07,3.5,0.98,0.84,3.23,0.79,1.05,0.78,3.16,0.58,2.08,0.92,-0.61,0.74,1.11
2024-10-28,0.2,-0.47,0.99,0.7,1.29,-0.07,1.19,3.37,0.11,1.61,1.44,1.18,0.71,-1.03,0.69,-0.83,1.55,2.25
2024-10-29,-1.0,-1.13,-1.53,-1.46,-2.36,-0.77,-1.3,-3.68,-1.08,-0.99,-1.25,-1.43,-1.5,-1.19,0.98,0.03,-1.26,-2.48
2024-10-30,-0.9,-1.7,-0.87,-1.04,-1.6,-0.18,-0.92,0.36,-0.27,0.32,0.27,-0.1,-1.04,-0.93,-1.6,-1.2,0.26,0.9
2024-10-31,0.04,1.11,-0.38,-0.66,-0.25,0.92,-0.23,2.14,2.78,0.43,0.12,2.45,-0.37,4.01,-0.54,-0.62,-0.56,-0.3
2024-11-01,-0.03,-3.06,0.77,0.85,-1.26,-4.01,0.32,-4.1,-1.16,-2.91,-3.13,6.24,3.12,-3.19,1.03,1.01,-0.12,-0.14
2024-11-04,1.41,1.59,0.86,0.59,1.34,2.5,1.23,2.51,3.9,2.37,3.06,-0.55,0.62,3.29,0.71,0.81,1.87,1.51
2024-11-05,2.53,4.35,1.28,0.83,3.08,4.64,1.43,3.59,5.4,6.17,6.32,5.46,3.16,3.39,4.1,0.76,1.83,1.33
2024-11-06,-0.5,0.19,-0.37,-0.76,-0.26,-0.1,-0.5,2.89,-0.28,1.33,1.27,1.94,0.8,1.03,-1.67,-0.9,0.7,0.88
2024-11-07,3.02,3.04,2.0,2.01,3.72,2.39,3.83,1.48,7.67,-0.85,-2.22,-0.38,-0.18,1.84,3.33,2.08,4.34,3.04
2024-11-08,-1.0,-0.27,-1.36,-1.12,-0.34,0.53,-0.77,-1.0,-2.6,3.09,2.89,-0.91,-1.17,3.83,-1.44,-1.38,-1.04,-1.6
2024-11-11,0.66,4.7,-0.72,-0.99,1.59,5.42,0.29,3.4,0.17,2.34,1.76,1.74,0.43,7.74,-0.45,-1.41,-1.18,-0.23
2024-11-12,-1.1,-2.17,-0.52,-0.56,1.2,-1.49,0.35,-2.88,-2.21,-3.66,-4.12,-1.52,-1.39,-2.72,-3.98,-0.98,0.25,-0.32
2024-11-13,0.62,1.03,0.4,0.6,-1.23,3.07,0.11,1.64,-0.44,0.03,-0.55,0.98,0.81,-0.28,0.43,0.56,-1.54,-0.67
2024-11-14,-1.73,-3.21,-1.29,-0.92,-3.29,-4.17,-1.5,-3.4,-1.47,-4.0,-3.79,-4.73,-3.31,-3.69,-2.4,0.22,-1.89,-2.43
2024-11-15,-1.75,-3.94,-0.3,0.12,-2.44,-3.07,-1.26,-0.23,-4.19,-3.47,-3.28,-2.67,-1.76,-5.98,-0.49,-0.35,-0.51,-1.33
2024-11-18,-0.46,-1.84,1.65,1.62,-1.96,-4.29,-1.16,-4.2,-1.18,-2.02,-1.04,-2.25,-1.87,-1.3,-0.27,2.01,-0.53,-0.87
2024-11-19,0.67,3.02,0.08,-0.18,1.82,2.24,0.2,1.63,1.92,1.66,1.35,1.97,3.46,3.67,0.59,-0.27,0.75,0.93
2024-11-20,0.22,0.45,0.3,0.15,1.98,1.79,1.1,3.17,0.16,1.34,1.16,1.27,0.43,-0.17,1.89,-0.49,0.8,0.69
2024-11-21,0.09,0.89,-0.08,0.06,-1.07,1.01,0.04,0.49,1.07,-0.12,-0.5,0.01,0.36,0.29,-1.0,-0.12,-0.41,0.55
2024-11-22,-3.1,-4.16,-2.72,-2.5,-4.46,-3.16,-3.35,-2.49,-4.86,-3.65,-3.47,-0.4,-2.67,-4.34,-2.87,-2.22,-2.39,-3.54
2024-11-25,-0.46,-1.18,0.15,0.3,-0.22,-1.08,-0.33,1.78,-0.74,-1.31,-1.97,0.4,-0.41,0.0,-0.36,0.17,0.91,0.34
2024-11-26,-0.21,-0.66,0.04,0.34,-0.26,-1.84,-0.12,0.35,-0.12,-1.05,-0.51,-2.87,-1.47,-0.85,-0.55,0.95,1.02,0.5
2024-11-27,1.74,3.61,1.09,1.12,1.93,3.33,1.55,4.75,2.42,3.17,3.32,1.02,1.02,2.01,3.84,1.04,1.25,0.84
2024-11-28,-0.88,-0.23,-0.41,-0.25,-1.45,-0.91,-1.03,-1.17,-1.02,-0.61,-0.55,-1.42,-1.45,-0.4,-1.9,-0.27,-0.13,-0.45
2024-11-29,1.14,2.41,0.63,0.41,1.8,2.67,1.34,0.36,2.72,1.14,1.3,1.94,1.29,2.66,0.62,0.01,0.41,1.22
2024-12-02,0.79,0.83,0.53,0.34,1.92,1.2,1.41,2.13,1.18,1.14,0.59,2.0,0.9,0.66,0.86,-0.37,2.15,1.44
2024-12-03,0.11,-1.04,1.02,1.11,-0.15,-1.63,0.14,-0.11,0.0,-0.94,-1.19,0.37,-0.04,-2.0,0.24,1.58,-1.0,1.04
2024-12-04,-0.54,-0.59,0.15,0.69,-1.56,-1.08,-1.03,-3.5,-1.15,-1.11,-1.39,-0.12,0.09,-1.16,-0.26,0.13,-1.44,-1.52
2024-12-05,-0.23,0.25,-0.17,-0.21,0.0,1.46,-0.45,4.05,1.13,1.1,1.0,-0.64,-0.73,-0.38,-0.56,-0.19,1.06,-0.32
2024-12-06,1.31,1.26,1.37,1.38,3.19,0.89,1.17,3.2,1.26,0.86,0.97,0.26,0.85,1.51,1.88,1.17,2.11,0.41
2024-12-09,-0.17,-1.09,0.16,0.15,0.09,-1.02,0.05,-0.5,-1.01,-1.31,-1.6,-1.01,0.15,-2.22,4.35,0.31,-0.53,-0.88
2024-12-10,0.73,0.75,0.02,-0.1,0.38,0.76,1.01,1.29,0.96,1.34,1.32,0.69,0.22,1.43,-1.97,1.13,1.84,1.39
2024-12-11,-0.17,-0.37,0.5,0.3,0.4,0.83,0.6,2.62,-0.28,0.46,0.38,0.87,1.32,-0.82,-1.28,-1.21,1.52,1.74
2024-12-12,0.99,0.37,0.39,0.27,0.52,0.88,1.05,0.39,1.39,1.57,1.79,-0.63,0.65,-0.01,1.81,1.28,2.15,1.95
2024-12-13,-2.37,-2.09,-1.75,-1.32,-2.57,-1.73,-2.08,1.57,-3.01,-2.76,-3.12,-2.31,-3.04,-2.71,-2.18,-2.01,-0.14,-1.49
2024-12-16,-0.54,-1.47,0.84,1.35,-1.13,-1.35,-0.85,0.35,-1.48,-1.36,-1.49,-1.55,-1.45,-2.86,-1.62,0.97,-0.52,-0.93
2024-12-17,0.26,-0.82,-0.36,-0.2,-1.15,-0.71,0.13,-5.13,-0.05,-1.38,-0.83,-0.91,-0.64,-1.0,-1.21,-0.23,-2.78,-1.45
2024-12-18,0.51,1.47,0.62,0.69,0.35,1.89,0.29,0.49,-0.13,0.79,1.04,0.16,-0.44,0.96,1.52,1.17,-0.97,-0.82
2024-12-19,0.09,1.17,-0.96,-1.07,-0.63,2.91,-0.68,-0.67,-0.21,0.15,-0.24,0.23,-0.48,-0.12,-0.48,-0.93,-0.54,-0.02
2024-12-20,-0.45,1.83,-0.83,-0.84,-0.13,0.67,-0.5,0.22,0.34,1.03,1.1,0.18,-0.69,2.72,-0.02,-0.13,-0.73,-0.44
2024-12-23,0.15,-1.25,0.05,0.39,-1.09,-1.77,-0.56,-6.03,-1.29,-1.8,-2.17,-1.98,-0.24,-2.72,-0.19,1.68,-1.96,-1.48
2024-12-24,1.27,1.54,1.15,1.13,1.16,0.35,1.21,-0.59,1.83,0.39,0.21,1.63,0.97,1.18,0.8,1.33,0.83,0.77
2024-12-25,0.05,0.33,0.39,0.52,-0.76,-0.48,-0.38,-2.4,-0.59,-0.64,-0.51,-1.49,-1.1,-1.79,,1.1,-0.9,-0.84
2024-12-26,0.05,0.95,-0.46,-0.51,-0.48,3.0,-0.02,0.04,0.08,1.34,1.42,1.25,0.43,0.32,,-0.22,0.05,-0.45
2024-12-27,-0.16,-0.82,0.21,0.07,-0.04,-1.6,0.16,0.69,0.77,1.51,1.59,0.38,-0.58,-0.63,0.55,-0.05,1.06,1.72
2024-12-30,0.45,0.2,1.2,1.4,-0.25,-0.54,0.13,-1.19,0.96,-0.43,-0.25,-0.11,0.57,-0.84,-0.66,1.25,-1.5,-1.19
2024-12-31,-1.6,-3.11,-0.55,-0.51,-1.93,-3.85,-0.95,-3.14,-4.49,-2.06,-1.07,-3.3,-2.57,-3.71,-0.62,-1.09,-1.45,-1.39
2025-01-02,-2.91,-3.4,-1.99,-2.25,-2.36,-4.01,-2.31,-1.64,-5.29,-4.45,-4.5,-2.7,-0.83,-3.35,-2.18,-2.19,-1.25,-1.94
2025-01-03,-1.18,-1.41,-0.84,-0.79,-1.42,-2.92,-1.52,-4.11,-2.76,-2.95,-3.01,-1.61,0.68,-1.03,1.09,-0.71,-3.32,-2.08
2025-01-06,-0.16,-0.33,0.37,-0.01,0.44,0.02,-0.26,-1.62,-0.08,-1.14,-1.12,1.35,0.89,0.2,-0.65,0.8,-1.48,0.37
2025-01-07,0.72,2.86,-0.29,-0.44,-1.19,3.21,0.11,1.42,1.11,1.77,1.54,2.31,2.05,1.46,-2.2,0.49,0.62,0.29
2025-01-08,-0.18,-0.04,-0.23,-0.09,-0.95,-0.5,-0.17,0.48,-0.88,-0.7,-1.7,-1.55,-1.52,-0.84,-1.8,0.66,-0.53,-0.94
2025-01-09,-0.25,-0.38,-1.48,-1.58,-0.66,0.31,-0.3,0.1,-0.55,1.42,3.02,0.92,0.64,0.15,0.66,-0.83,-0.58,-0.74
2025-01-10,-1.25,-1.13,-1.51,-1.19,-1.36,-2.77,-1.21,-3.21,-1.72,-1.38,-0.74,-0.82,-0.27,-0.83,-2.18,-0.67,-2.48,-1.85
2025-01-13,-0.27,0.17,-0.77,-0.66,0.93,-0.29,-0.12,0.03,0.41,0.04,-0.11,1.04,2.14,0.78,-0.68,-1.14,0.29,0.47
2025-01-14,2.63,3.11,1.84,1.67,2.87,4.45,2.57,5.64,4.18,3.57,2.93,4.05,1.45,5.33,3.11,1.36,3.81,2.49
2025-01-15,-0.64,-0.42,0.03,0.13,-1.41,-0.88,-1.23,1.04,-0.97,-1.67,-2.0,-0.44,-1.24,-1.32,-0.19,0.81,0.07,-0.57
2025-01-16,0.11,-2.18,0.81,0.95,0.12,-0.09,-0.02,0.7,-0.15,-0.07,-0.52,0.27,1.87,0.56,1.28,0.93,0.49,0.05
2025-01-17,0.31,0.99,-0.28,-0.51,0.14,0.4,0.31,-0.2,0.3,1.03,2.01,0.34,0.57,1.87,0.41,-0.65,0.4,0.91
2025-01-20,0.45,0.25,-0.22,-0.47,0.99,1.28,1.01,0.84,0.51,0.93,0.32,-0.47,-0.79,-1.6,2.1,-0.41,0.31,-0.03
2025-01-21,0.08,0.83,-0.62,-0.53,-0.34,2.11,0.0,0.09,0.26,-0.61,-1.03,-0.39,-0.54,0.2,1.34,-0.02,-0.11,-0.81
2025-01-22,-0.93,-0.1,-1.0,-0.78,-1.13,1.33,-1.28,-2.11,-0.46,-0.73,-0.79,-0.67,0.02,-1.11,-2.2,-1.84,-1.91,-0.49
2025-01-23,0.18,-0.95,1.02,1.27,0.19,-1.59,-0.15,0.51,0.37,-0.83,-0.62,-0.25,-0.83,-0.48,-0.47,2.32,-0.1,0.26
2025-01-24,0.77,0.9,0.65,0.53,0.69,2.52,0.54,2.5,1.19,1.04,0.35,1.99,1.07,1.49,3.1,0.08,1.07,0.64
2025-01-27,-0.41,-2.03,1.26,1.28,-0.44,-2.56,0.03,0.3,-2.65,-1.15,-0.94,-2.44,-0.38,-2.26,1.83,1.41,-0.55,0.83
2025-01-28,,,,,,,,,,,,,,,1.81,,,
2025-02-03,,,,,,,,,,,,,,,0.97,,,
2025-02-04,,,,,,,,,,,,,,,4.06,,,
2025-02-05,-0.58,2.9,-1.97,-2.04,0.69,3.26,-1.34,1.86,0.15,0.94,0.46,1.95,1.18,0.56,-0.57,-1.63,-2.27,-0.73
2025-02-06,1.26,2.89,0.08,-0.09,2.01,2.81,1.31,3.9,1.61,3.18,3.3,4.66,1.13,5.49,1.58,0.03,0.89,0.17
2025-02-07,1.3,0.75,0.67,0.5,2.82,3.04,1.41,1.01,2.09,0.81,0.52,0.82,1.2,-0.19,2.16,-0.31,0.47,0.26
2025-02-10,0.21,1.76,-0.11,-0.32,2.91,2.31,0.31,4.58,0.18,1.0,0.5,0.06,0.38,0.51,3.67,0.13,1.63,0.0
2025-02-11,-0.46,-1.19,0.38,0.62,-1.52,-0.64,-0.94,2.61,-0.72,-1.02,-1.15,-0.72,0.01,-1.12,-2.13,0.93,-1.4,-0.66
2025-02-12,0.95,1.63,0.02,0.0,0.76,2.07,0.58,4.4,1.62,0.8,0.63,0.43,-0.68,2.24,3.06,0.79,0.62,0.2
2025-02-13,-0.38,-2.31,0.04,-0.01,-0.42,-2.05,0.66,5.86,-0.58,-0.88,-0.51,-2.22,-0.61,-1.98,0.02,0.07,0.35,1.87
2025-02-14,0.87,0.53,0.19,0.22,4.64,2.23,1.01,1.62,0.22,-0.05,-0.85,0.01,0.73,-1.53,8.19,0.42,-0.6,0.07
2025-02-17,0.21,1.45,-0.42,-0.39,1.44,2.23,-0.05,-4.87,0.32,-0.19,-0.73,0.29,-2.31,1.14,-0.04,-0.29,-0.49,0.02
2025-02-18,-0.88,-2.52,-0.34,-0.2,-2.59,-2.65,-1.31,-4.85,-2.61,-2.62,-2.39,-1.49,-0.78,0.32,2.79,1.07,-2.37,-1.45
2025-02-19,0.7,2.31,-0.28,-0.46,1.38,2.71,0.73,2.17,1.3,1.94,1.69,3.29,0.82,5.61,-0.65,-0.45,0.42,1.24
2025-02-20,-0.29,-0.14,-0.24,-0.38,3.07,-0.19,0.65,-1.37,-0.35,1.57,1.96,1.3,0.43,-0.51,-2.97,-0.12,0.08,-0.65
2025-02-21,1.26,5.97,-0.64,-0.77,0.96,5.81,0.97,2.19,2.08,1.02,0.44,0.35,-0.38,2.67,7.41,-1.26,0.48,-0.17
2025-02-24,-0.22,0.48,0.08,-0.26,-2.3,-0.14,-0.53,-0.84,-0.59,0.32,0.29,0.29,-0.04,1.38,-1.78,-0.74,1.26,0.87
2025-02-25,-1.11,0.26,-0.66,-0.58,-1.53,-1.46,-1.17,-3.19,-1.52,-0.62,-1.17,-0.89,-1.24,0.36,-2.74,-0.78,-0.92,-1.61
2025-02-26,0.87,2.17,1.25,0.88,0.52,1.0,0.63,0.59,2.57,0.72,0.92,1.3,0.51,0.36,3.67,0.51,0.33,0.77
2025-02-27,0.21,-0.05,1.11,0.86,0.07,-2.08,0.9,-0.67,-0.18,-1.11,-1.06,-0.9,-0.53,-1.02,-2.6,1.29,1.87,-0.07
2025-02-28,-1.97,-4.22,-0.73,-0.65,-2.71,-6.02,-1.4,-4.01,-3.12,-2.89,-2.12,-2.4,-1.57,-3.36,-4.84,-0.62,-0.9,-0.27
2025-03-03,-0.04,-1.52,-0.12,-0.29,0.87,-0.65,-0.46,0.94,-0.38,0.43,0.57,1.95,2.34,-0.47,0.77,-0.02,-0.37,0.87
2025-03-04,-0.08,1.72,0.01,-0.16,1.13,1.48,-0.17,-0.07,0.51,2.93,3.52,0.61,0.58,1.27,0.16,-0.16,0.32,0.86
2025-03-05,0.45,0.29,0.47,0.35,-1.2,1.63,-0.06,0.65,-0.05,0.31,-0.06,-0.54,0.84,0.39,4.57,1.72,0.28,-0.95
2025-03-06,1.38,3.48,-0.02,-0.2,2.16,3.89,1.52,3.79,2.39,1.52,0.86,1.25,1.41,3.69,6.37,-0.55,1.1,0.49
2025-03-07,-0.31,-1.24,0.14,-0.07,-1.32,-1.61,-0.11,-1.83,-1.64,1.32,2.37,0.79,1.33,-0.88,-0.89,0.14,-0.21,0.06
2025-03-10,-0.39,-0.22,0.29,0.22,0.68,-1.08,0.03,-0.71,-0.78,0.52,0.46,0.67,1.18,-1.28,-2.85,-0.91,-0.17,0.32
2025-03-11,0.32,-0.4,0.64,0.79,-0.07,-0.29,0.48,1.57,0.37,2.06,2.57,1.95,0.55,0.45,0.57,0.75,1.13,1.89
2025-03-12,-0.36,-0.73,-0.4,-0.27,-0.98,0.1,-0.63,2.42,0.56,-0.4,-0.72,-0.67,0.07,-1.97,-1.9,-0.29,-0.93,-0.96
2025-03-13,-0.4,-2.11,0.7,1.01,-0.86,-2.49,-0.32,-2.76,-0.64,-0.22,0.66,-1.33,0.53,-2.18,-1.68,0.55,-0.12,0.07
2025-03-14,2.43,1.72,0.76,0.7,2.65,1.83,3.64,2.3,3.27,0.13,-0.14,0.84,1.25,1.81,2.65,1.25,2.59,1.34
2025-03-17,-0.24,-0.45,0.37,0.18,-0.4,-0.35,-0.01,-0.39,-1.13,-0.28,-0.37,-0.07,-0.97,0.79,0.72,0.32,0.25,0.78
2025-03-18,0.27,0.61,-0.17,-0.35,1.49,1.0,0.34,-0.14,0.14,-0.43,-0.91,1.2,1.39,-0.2,3.19,-0.12,-0.15,-0.41
2025-03-19,0.06,-1.18,0.15,0.14,-0.38,-2.06,-0.02,-1.84,0.0,-0.95,-0.73,-0.3,0.08,-1.3,-0.47,1.38,-0.2,0.01
2025-03-20,-0.88,-1.13,-0.27,-0.15,-1.42,-1.21,-0.9,-0.74,-0.8,0.55,1.05,-0.73,-0.29,-1.35,-4.03,-0.56,-0.61,-0.74
2025-03-21,-1.52,-2.06,-0.43,-0.33,-1.95,-3.06,-1.76,-2.03,-1.63,-0.63,-1.01,-2.43,-2.37,-0.98,-2.5,-1.21,-0.33,-0.69
2025-03-24,0.51,0.29,0.56,0.75,-0.78,0.23,0.25,-0.86,-0.11,-1.59,-1.62,0.44,1.68,1.66,1.1,0.89,1.68,-0.03
2025-03-25,-0.06,-1.36,0.63,0.83,0.32,-2.3,-0.1,-1.25,-0.4,-0.37,0.35,-0.18,0.4,-0.86,-3.83,0.44,1.16,1.09
2025-03-26,-0.33,-0.26,-0.14,-0.1,-0.5,-0.2,0.0,0.37,-0.07,-0.1,-0.07,2.03,-0.55,-0.48,1.04,-1.44,0.43,1.63
2025-03-27,0.33,1.12,-0.09,0.01,1.45,0.13,1.6,-0.21,0.15,-0.53,-0.79,-1.47,-1.02,1.41,-0.21,0.45,-1.1,0.09
2025-03-28,-0.44,-1.07,-0.73,-0.65,-1.16,-0.62,-0.59,1.52,-0.06,-0.86,-0.55,-0.59,-0.01,-2.59,-0.74,-0.33,-1.81,-1.07
2025-03-31,-0.71,-0.66,-0.52,-0.21,-1.25,0.09,-0.52,-1.61,-1.87,-1.6,-2.39,-2.68,-0.81,0.26,-2.09,0.31,-2.01,-1.53
2025-04-01,0.01,0.16,0.97,0.82,2.3,-0.75,0.99,0.04,-0.21,1.18,2.26,0.56,0.22,1.27,-0.21,-0.54,1.12,1.19
2025-04-02,-0.08,-0.16,0.36,0.5,-0.96,0.4,-0.6,0.57,0.54,-1.12,-2.26,0.26,-1.02,-0.65,-0.07,0.9,0.14,-0.11
2025-04-03,-0.59,-0.46,0.14,0.18,-1.34,-1.94,-0.39,0.05,-0.18,-0.46,-0.09,-0.64,-1.48,-0.4,-1.01,0.27,1.39,2.26
2025-04-07,-7.05,-9.22,-6.67,-6.29,-8.95,-12.03,-5.96,-11.64,-9.99,-8.8,-7.46,-7.61,-8.25,-8.91,-16.62,-4.61,-7.12,-2.07
2025-04-08,1.71,1.72,2.55,2.86,0.53,-0.89,1.85,1.06,1.6,2.02,2.27,0.6,-0.34,1.03,3.63,1.66,3.93,7.42
2025-04-09,0.99,4.31,0.3,0.23,0.51,3.41,1.39,3.16,1.96,5.39,5.73,1.93,1.27,4.58,3.12,-0.9,5.51,0.45
2025-04-10,1.31,1.09,0.95,0.87,1.73,2.27,1.13,2.59,1.42,1.22,0.42,0.96,3.52,1.43,1.94,0.65,2.0,0.25
2025-04-11,0.41,2.07,-0.45,-0.66,-0.1,1.86,-0.38,-0.64,0.21,1.17,1.07,-0.03,0.92,3.6,0.72,0.26,-1.07,-2.8
2025-04-14,0.23,0.25,0.89,1.14,0.19,0.77,0.07,1.19,0.06,0.16,0.04,0.5,2.27,-1.0,1.84,0.61,0.58,0.52
2025-04-15,0.06,-0.78,0.48,0.45,-0.51,-0.8,-0.03,0.43,-0.32,-1.79,-1.81,-0.98,-0.65,-1.23,-0.15,1.52,-1.27,-0.26
2025-04-16,0.31,0.81,0.45,0.65,-0.96,-0.82,0.36,-0.8,-0.2,-0.41,0.01,-0.75,-0.02,0.01,-4.01,1.01,1.92,-0.78
2025-04-17,-0.02,0.23,-0.21,-0.28,0.08,0.51,-0.19,0.19,-0.05,-0.11,-0.14,-0.64,-0.6,-0.13,1.76,0.07,1.04,-0.12
2025-04-18,0.01,-0.81,0.04,-0.1,-0.27,0.12,-0.81,0.22,0.61,-0.65,-0.83,-0.84,-0.26,-1.31,,0.78,-2.94,-1.3
2025-04-21,0.33,1.07,-0.14,-0.29,0.96,2.09,0.38,2.78,0.56,1.82,1.69,1.64,3.75,1.11,,-1.24,-0.11,0.5
2025-04-22,-0.02,-0.31,0.39,0.34,-0.04,-1.42,0.43,-2.21,-0.18,-0.56,-0.35,-1.06,-0.39,0.62,1.04,0.68,-0.74,1.0
2025-04-23,0.08,-0.35,-0.44,-0.6,-0.01,1.3,0.14,-0.74,0.14,-0.12,-0.89,2.04,-1.47,-0.63,3.42,-0.5,-1.35,-1.6
2025-04-24,-0.07,-0.92,0.54,0.58,-0.27,-2.04,0.02,-1.8,-0.49,-0.91,-0.99,-1.34,-0.58,-1.52,-0.85,1.17,-0.25,0.63
2025-04-25,0.07,0.13,-0.16,-0.2,0.43,1.15,-0.09,0.88,0.83,0.25,0.19,0.32,0.19,0.79,0.01,-0.47,0.53,-0.51
2025-04-28,-0.14,-0.17,-0.02,0.02,-0.48,-0.4,-0.51,-0.81,-0.75,-0.78,-0.86,-0.09,-0.37,-0.39,0.1,0.96,-1.57,-0.95
2025-04-29,-0.17,0.1,-0.26,-0.38,1.2,0.62,0.44,0.45,-0.26,0.16,-0.58,0.15,-0.2,0.66,0.63,-0.33,-0.7,0.44
2025-04-30,-0.12,0.85,-0.66,-0.87,0.44,2.38,0.92,1.62,0.26,0.46,0.27,0.78,-0.24,-0.52,2.64,-2.13,-0.53,-0.22
2025-05-02,,,,,,,,,,,,,,,3.3,,,
2025-05-06,1.01,1.39,0.25,-0.09,1.52,2.83,0.54,1.4,1.46,1.87,1.57,4.64,2.33,2.65,0.5,-0.13,1.49,0.63
2025-05-07,0.61,0.36,0.68,0.7,-0.51,-0.57,0.05,-0.72,0.65,3.3,4.2,-0.44,0.3,-0.24,-1.21,1.48,-0.38,0.08
2025-05-08,0.56,-0.36,0.05,-0.19,0.46,1.38,0.22,0.98,0.28,2.1,3.13,0.71,-0.74,0.29,0.52,1.09,-0.23,-0.17
2025-05-09,-0.17,-1.96,0.51,0.61,-0.76,-1.59,0.01,-1.99,-1.13,-2.11,-2.87,-0.75,-0.29,-3.03,-0.28,1.38,-0.8,-0.35
2025-05-12,1.16,0.49,0.35,0.36,0.96,1.17,0.31,0.91,2.39,4.71,5.13,1.95,0.83,0.51,3.29,0.15,0.9,-0.2
2025-05-13,0.15,-0.15,0.7,0.78,1.37,-0.38,-0.05,-0.43,-0.69,-2.98,-2.86,-0.92,0.28,-0.47,-3.07,1.53,0.53,0.04
2025-05-14,1.21,0.41,0.56,0.86,0.07,0.6,0.93,0.21,3.51,-0.66,-0.93,1.11,0.85,0.42,2.48,0.81,-0.18,1.24
2025-05-15,-0.91,-1.26,-0.41,-0.39,-0.87,-2.65,-0.11,-1.99,-1.95,-1.78,-1.67,-0.11,-1.22,-1.72,-1.08,-0.11,-0.51,0.05
2025-05-16,-0.46,-0.57,-0.56,-0.64,-0.6,0.34,0.04,0.12,-1.07,-0.12,0.03,-0.29,-0.18,-0.38,-0.79,-0.94,0.37,-0.64
2025-05-19,-0.31,0.0,0.27,0.36,-0.3,-0.47,-0.54,0.81,-0.03,0.99,1.26,-1.06,-0.54,0.94,-0.37,-0.33,0.32,0.53
2025-05-20,0.54,0.24,0.29,0.16,1.12,0.62,0.98,1.29,0.07,-0.28,-0.72,0.61,0.4,0.1,1.51,0.2,0.69,1.35
2025-05-21,0.47,-0.22,0.76,0.93,0.23,-0.65,0.34,-0.56,-0.3,0.09,0.46,-0.43,2.18,-0.64,0.91,0.71,0.07,-0.36
2025-05-22,-0.06,-0.48,-0.18,0.11,-0.94,-0.07,-0.12,-0.84,-0.56,-0.6,-0.32,-1.78,-1.12,-0.73,-1.9,1.0,-0.98,-0.78
2025-05-23,-0.81,-1.02,-0.98,-1.15,0.55,-1.57,-0.15,-1.78,-1.4,-1.08,-1.06,-0.59,0.08,-1.25,0.16,-0.97,-1.25,-1.21
2025-05-26,-0.57,0.17,-0.67,-0.54,-0.63,0.5,-1.03,1.63,-0.06,1.02,0.74,0.72,0.2,0.93,-1.63,-0.75,1.16,0.39
2025-05-27,-0.54,-0.95,-0.26,-0.37,0.33,-1.65,-0.22,-0.15,-0.16,-0.3,-0.52,-1.09,-1.96,-0.27,1.08,0.54,0.29,0.16
2025-05-28,-0.08,-0.23,0.32,0.28,-0.6,0.1,0.22,-0.73,-0.5,-0.73,-0.42,-0.32,0.01,-1.15,-0.56,-0.13,0.12,-0.8
2025-05-29,0.59,1.61,0.18,0.09,2.08,2.19,0.56,1.92,1.15,1.78,1.52,1.48,0.35,2.43,2.27,-0.22,0.25,0.37
2025-05-30,-0.48,-0.94,0.09,0.16,-0.46,-1.74,-0.4,-1.17,-0.53,0.07,0.72,-1.52,-0.77,-1.73,-2.7,0.64,-0.95,1.53
2025-06-02,,,,,,,,,,,,,,,-0.29,,,
2025-06-03,0.31,0.48,0.37,0.63,1.32,-0.04,0.1,1.64,0.98,0.04,0.75,1.36,1.28,2.2,0.76,1.98,0.61,1.9
2025-06-04,0.43,0.45,0.28,0.12,0.7,1.67,0.24,1.08,1.33,-0.12,-0.53,2.23,1.32,-0.78,0.85,0.06,1.03,0.49
2025-06-05,0.23,1.04,-0.57,-0.68,-0.54,2.41,-0.5,1.01,0.95,0.43,0.18,0.8,-0.42,1.4,2.3,-0.74,-0.39,-1.98
2025-06-06,-0.09,-0.48,-0.02,0.01,-0.94,0.0,-0.86,-0.76,-0.81,-0.28,-0.03,-0.31,1.13,0.03,-0.99,0.29,-0.04,0.11
2025-06-09,0.29,0.6,0.19,0.05,1.38,0.79,0.24,1.43,1.51,1.43,2.27,2.35,0.34,0.32,3.02,0.27,0.54,1.67
2025-06-10,-0.51,-1.47,-0.08,0.09,-0.3,-1.6,-0.35,0.08,-1.37,-1.76,-2.02,-0.11,0.03,-2.51,-0.65,0.49,-0.03,-0.27
2025-06-11,0.75,-0.2,0.31,0.25,0.1,0.19,0.2,0.52,1.9,0.39,0.49,3.2,2.02,0.26,0.92,0.31,0.57,1.99
2025-06-12,-0.06,-0.3,0.0,-0.1,0.73,0.17,0.17,1.63,-0.18,-0.63,-0.57,-0.05,1.12,-1.2,-0.94,0.31,-0.74,-1.12
2025-06-13,-0.72,-0.51,-1.01,-0.8,-1.45,-1.35,-1.75,-3.08,-1.03,1.16,1.89,-1.08,-0.17,0.73,-1.51,-0.91,-2.13,-0.82
2025-06-16,0.25,-0.21,0.23,0.29,-0.67,1.12,-0.36,3.77,1.34,0.08,-0.17,1.32,-0.42,-0.11,2.35,1.32,-0.24,-0.95
2025-06-17,-0.09,-0.8,-0.05,0.06,-0.74,-0.62,-0.83,-1.66,0.35,-0.02,-0.23,-0.74,0.02,-0.75,-0.23,-0.19,0.15,-0.1
2025-06-18,0.12,0.53,-0.11,0.02,-1.07,1.14,-0.1,-1.68,-1.22,0.59,0.66,-1.8,-0.31,1.78,-1.2,0.89,-0.69,-0.96
2025-06-19,-0.82,-0.54,-0.65,-0.44,-1.33,-0.3,-0.77,-0.77,-1.84,-1.55,-1.72,-1.92,-1.61,0.83,-2.79,-0.14,-0.53,-0.86
2025-06-20,0.09,-0.53,0.17,0.32,-0.04,-1.2,0.34,-2.02,-0.29,-1.13,-1.39,-0.31,-0.67,0.49,0.87,0.67,-0.67,-0.08
2025-06-23,0.29,0.38,0.25,0.25,0.46,-0.31,-0.5,0.91,1.15,1.66,1.39,1.06,0.81,2.09,0.64,1.21,0.02,-0.14
2025-06-24,1.2,1.79,0.32,0.15,1.06,2.1,1.19,1.79,2.58,0.48,0.24,1.76,0.58,0.97,2.3,0.41,1.44,0.89
2025-06-25,1.44,1.73,0.34,0.11,1.31,2.19,0.85,0.45,5.46,3.04,3.33,0.62,0.78,0.71,0.88,1.03,0.99,0.32
2025-06-26,-0.35,-0.57,0.03,0.07,-1.08,0.35,-0.89,0.12,-1.7,0.19,0.35,-1.18,0.23,-1.23,-0.44,1.0,0.75,-0.49
2025-06-27,-0.61,-0.18,-0.52,-1.09,0.45,0.83,-0.31,-0.47,-0.12,0.74,0.99,1.03,1.87,0.73,0.86,-2.94,-0.5,-0.14
2025-06-30,0.37,1.54,-0.11,-0.08,1.56,1.77,0.63,1.6,-0.46,4.1,4.62,2.09,-0.02,1.82,-0.53,-0.33,-0.09,0.3
2025-07-01,0.17,-0.86,0.81,0.83,0.8,-0.77,0.32,-0.69,-0.46,-0.16,-0.76,0.11,1.5,0.8,,1.54,-0.45,0.47
2025-07-02,0.02,-1.22,0.72,0.78,-0.84,-1.99,-0.23,-0.96,-0.43,-1.97,-2.1,-0.64,0.9,-2.39,-0.96,0.75,-0.09,0.8
2025-07-03,0.62,0.24,-0.01,-0.13,0.08,0.99,0.5,0.27,0.66,0.26,-0.23,0.35,0.18,-0.57,-1.38,-0.04,-0.32,0.67
2025-07-04,0.36,-0.01,0.51,0.66,0.0,-0.38,0.29,-0.82,0.0,-0.67,-0.11,-1.69,-1.5,0.88,-0.34,1.86,-0.21,0.17
2025-07-07,-0.43,-0.66,0.44,0.28,-0.65,-1.2,-0.61,0.18,0.09,0.2,0.38,0.19,-0.88,0.45,0.07,0.41,0.23,-0.35
2025-07-08,0.84,1.4,-0.05,-0.19,1.06,2.66,0.49,1.35,1.19,0.67,0.44,1.92,1.07,0.71,2.09,-0.25,0.39,0.16
2025-07-09,-0.18,-0.89,0.32,0.35,-0.02,-0.65,0.48,1.21,-0.5,-0.85,-0.58,-1.49,-2.06,-0.6,-1.28,0.32,-0.16,0.76
2025-07-10,0.47,-0.32,0.62,0.52,0.43,-0.26,-0.04,-0.14,1.21,-0.32,-0.43,3.36,1.37,-0.45,0.09,0.94,0.58,-0.04
2025-07-11,0.12,1.48,-0.73,-0.73,2.08,0.79,0.47,0.06,2.42,1.36,0.93,5.17,1.84,0.98,0.64,-2.36,0.3,0.49
2025-07-14,0.07,-0.21,0.49,0.63,-0.49,0.11,0.44,-1.08,-1.14,-0.54,-0.62,-0.2,0.55,-0.84,1.13,0.46,-0.53,0.02
2025-07-15,0.03,0.39,-1.16,-1.15,0.11,4.8,0.07,-0.85,-0.45,-0.27,-0.41,-0.99,-1.07,-0.81,3.49,-0.96,-1.19,-1.28
2025-07-16,-0.3,0.14,-0.43,-0.43,0.13,0.44,0.08,1.11,-0.46,-0.19,-0.33,-0.25,-0.34,-0.03,-0.47,-0.71,0.29,0.81
2025-07-17,0.68,0.8,-0.08,-0.35,1.4,1.92,0.93,0.76,0.56,2.66,3.56,1.21,0.4,0.24,0.16,-0.4,0.23,0.59
2025-07-18,0.6,0.19,0.34,0.28,0.86,0.36,0.57,0.14,0.43,0.93,1.49,3.63,2.48,0.88,2.49,0.62,0.69,0.18
2025-07-21,0.67,0.04,1.26,0.75,0.09,0.01,-0.15,0.28,1.32,0.92,0.4,3.16,2.78,-0.19,0.3,-0.81,0.89,2.14
2025-07-22,0.82,0.83,1.64,1.61,0.68,-0.82,0.79,0.2,0.21,0.0,0.01,0.21,2.25,1.01,-0.79,-1.0,0.94,2.0
2025-07-23,0.02,0.45,-0.36,-0.02,0.88,0.05,0.19,-0.7,1.02,-1.33,-1.77,0.24,-0.24,2.76,2.46,0.38,-0.19,-0.46
2025-07-24,0.71,1.17,0.42,0.26,3.04,0.64,1.1,1.88,2.56,1.8,1.9,5.2,3.19,1.75,0.81,-1.44,3.44,-0.42
2025-07-25,-0.53,2.07,-0.65,-0.47,0.9,1.84,-0.99,0.6,-0.32,0.14,0.23,0.49,-0.01,0.94,-1.5,-0.18,-1.15,-0.1
2025-07-28,0.21,0.09,-1.09,-1.26,0.45,0.23,0.79,1.21,0.67,1.46,1.52,1.54,-0.48,-0.66,-0.46,0.01,-0.7,-0.29
2025-07-29,0.39,1.45,-0.04,-0.17,2.09,2.86,0.92,-0.41,0.3,1.06,1.57,-0.62,-0.16,1.71,-0.24,-1.2,-0.36,-1.2
2025-07-30,-0.02,-1.11,0.2,0.45,-0.22,-1.16,0.29,1.26,-1.17,-1.24,-1.35,-1.41,-0.56,-1.31,-0.93,0.63,0.33,0.7
2025-07-31,-1.82,-1.01,-1.73,-1.62,-1.53,0.76,-1.92,-1.99,-2.33,-0.53,-0.77,-2.82,-3.46,-1.99,-0.33,-0.53,-1.84,-1.73
2025-08-01,-0.51,-1.06,0.0,-0.07,-0.63,-1.27,-0.47,1.14,-0.76,-1.34,-1.97,-1.88,-0.35,-1.12,-1.45,0.25,-0.53,-0.06
2025-08-04,0.39,1.22,0.47,0.52,0.08,0.66,0.36,0.36,0.23,2.61,3.01,0.79,1.73,1.23,1.73,0.76,-0.06,0.47
2025-08-05,0.8,0.4,1.04,1.02,0.01,0.63,0.8,0.42,1.1,0.69,0.09,0.56,0.45,0.26,0.84,1.6,0.6,0.86
2025-08-06,0.24,0.58,0.63,0.35,-0.03,1.71,-0.02,0.6,0.33,3.08,2.26,0.95,1.18,0.36,0.34,-0.15,-0.38,0.36
2025-08-07,0.03,-0.15,0.17,0.3,0.18,-0.75,-0.65,0.33,0.04,-0.42,-1.25,3.22,1.29,-0.06,-0.29,0.42,0.19,-0.15
2025-08-08,-0.24,-1.39,0.05,0.02,-0.66,-1.54,-0.43,-1.23,-0.86,-0.31,-0.74,-0.17,1.21,-1.34,-1.11,-0.29,0.47,0.57
2025-08-11,0.43,0.59,-0.43,-0.61,1.43,2.46,0.83,0.32,1.23,0.66,0.87,0.77,0.44,0.39,0.1,-1.01,0.29,0.17
2025-08-12,0.52,1.91,0.56,0.62,0.51,3.67,0.21,-0.34,0.54,-0.75,-1.65,-1.75,-0.38,0.91,-0.93,0.32,-0.13,-0.14
2025-08-13,0.79,0.74,-0.52,-0.77,1.74,4.54,0.99,0.93,1.71,1.45,0.75,1.71,2.09,1.82,3.99,-1.06,0.24,-0.11
2025-08-14,-0.08,0.75,-0.96,-0.76,-1.48,-0.14,-0.44,-1.9,-0.01,-1.75,-1.63,-0.12,-0.89,-1.57,-0.02,-0.02,-0.83,-1.18
2025-08-15,0.7,1.43,0.24,-0.17,1.08,0.48,0.69,1.64,4.3,1.19,0.42,3.23,2.2,2.36,0.43,-1.46,1.11,0.69
2025-08-18,0.88,2.14,-0.19,-0.12,1.15,3.53,0.65,4.84,1.31,2.09,1.68,5.26,0.4,2.43,1.26,0.33,0.97,0.42
2025-08-19,-0.38,-1.12,-0.09,-0.06,-1.32,1.21,-0.31,-0.3,-1.76,-1.63,-1.23,1.4,-0.37,-1.86,-0.63,0.11,0.23,0.31
2025-08-20,1.14,3.23,0.76,0.73,0.59,2.31,1.72,-0.64,1.01,0.73,0.58,1.41,0.9,3.95,-0.79,0.44,1.15,0.64
2025-08-21,0.39,0.09,0.54,0.51,0.57,0.06,0.58,0.38,-0.84,-0.62,-0.11,-1.89,-0.35,-0.69,-0.62,0.6,0.23,1.38
2025-08-22,2.1,8.59,-0.17,-0.15,0.68,6.53,0.92,1.15,3.38,2.29,2.36,2.26,1.27,6.99,1.62,-0.29,0.1,0.03
2025-08-25,2.08,3.2,0.73,0.68,2.26,5.65,2.0,1.11,0.88,2.0,2.15,6.46,4.91,-0.75,2.72,0.72,1.55,1.07
2025-08-26,-0.37,-1.31,-0.11,-0.29,-1.17,-0.83,-0.28,0.73,-1.11,-0.6,-1.26,-2.37,-0.48,0.8,-0.61,-0.67,0.74,2.76
2025-08-27,-1.49,0.13,-1.8,-1.86,-2.07,2.95,-2.03,-2.21,-2.62,-1.81,-2.08,1.84,-0.76,-1.53,-1.28,-1.83,-2.02,-2.03
2025-08-28,1.77,7.23,0.21,0.11,0.25,7.89,-0.03,0.9,1.93,2.19,1.85,3.39,1.62,5.21,-2.09,0.41,0.59,-0.71
2025-08-29,0.74,-1.71,-0.11,-0.69,1.56,-1.13,2.55,-0.5,0.11,0.78,1.66,1.14,2.72,-2.89,0.4,-0.78,0.32,0.63
2025-09-01,0.6,1.18,-0.24,-0.48,2.68,2.98,1.76,1.39,-0.97,-0.21,-0.29,-0.16,3.4,3.0,3.0,-1.08,0.31,-0.32
2025-09-02,-0.74,-2.13,0.32,0.52,-1.22,-4.26,0.22,-3.15,-1.26,-2.47,-1.95,-3.22,-1.16,-3.99,-1.32,1.96,-0.39,-0.5
2025-09-03,-0.68,-1.64,-0.84,-1.01,-0.81,0.18,0.15,-0.84,-3.52,-5.44,-6.75,-1.73,-0.63,-0.11,0.02,-1.18,-1.05,-1.97
2025-09-04,-2.12,-6.08,-0.04,0.55,-3.37,-9.46,-2.21,-1.91,-0.33,-3.15,-3.59,-4.96,-4.02,-6.3,-1.58,0.78,1.23,0.39
2025-09-05,2.18,3.39,0.31,-0.27,2.82,6.07,2.07,3.47,0.78,1.47,0.81,3.98,4.37,3.23,1.38,-0.98,1.4,0.89
2025-09-08,0.16,0.58,0.77,0.15,3.77,-2.62,1.4,2.59,-0.72,0.56,1.04,0.72,-0.1,1.62,0.67,-0.59,0.72,2.97
2025-09-09,-0.7,-2.38,0.22,0.13,-2.34,-1.42,-0.61,-0.14,-0.04,-1.92,-1.14,-1.54,0.87,-3.55,2.0,0.85,-0.37,-0.35
2025-09-10,0.21,1.09,-0.49,-0.17,-0.08,2.85,-0.47,1.83,-0.26,0.68,0.81,-0.77,-1.16,0.09,1.11,0.11,0.4,-0.11
2025-09-11,2.31,5.32,0.4,0.26,0.55,7.84,0.01,0.13,3.14,2.14,1.62,3.29,1.79,4.45,-0.29,0.54,-0.04,3.0
2025-09-12,-0.57,0.9,-0.54,-0.65,-0.31,-0.72,-0.67,0.77,-1.44,-0.11,-0.04,2.72,2.37,0.16,2.07,-1.54,-0.23,-0.42
2025-09-15,0.24,0.18,-0.34,-0.42,0.83,-0.58,0.38,2.73,-0.22,-0.87,-0.96,-0.82,-0.67,0.28,0.34,-0.91,0.04,2.02
2025-09-16,-0.21,1.32,-0.04,-0.27,0.4,2.17,0.23,-0.19,0.05,-0.5,-0.59,-1.1,-1.31,0.52,-0.46,-1.14,1.61,-1.53
2025-09-17,0.61,0.91,0.24,0.35,-0.07,-0.07,0.97,-0.85,0.52,0.46,0.63,1.76,0.21,3.62,3.89,-0.37,-0.01,-1.02
2025-09-18,-1.16,0.72,-1.78,-1.79,-1.43,0.48,-0.65,-2.53,-3.02,-0.55,-0.6,-2.25,-3.73,3.58,-1.19,-1.9,0.07,-2.07
2025-09-19,0.08,-1.28,0.82,0.69,-0.82,-0.8,-0.37,1.58,-0.89,0.89,2.31,-1.91,1.25,-0.65,0.22,0.06,1.92,0.09
2025-09-22,0.46,3.38,-0.63,-0.84,-0.39,3.28,-0.46,-2.19,1.15,0.6,0.23,1.07,1.04,1.21,-0.73,-1.01,-1.5,-0.97
2025-09-23,-0.06,-0.1,0.37,0.71,-2.04,-0.2,-1.22,-1.24,-1.7,-0.85,-0.51,-1.89,-0.84,4.58,-1.14,1.55,-3.32,-0.48
2025-09-24,1.02,3.49,0.24,0.11,1.58,1.93,0.49,1.88,0.94,1.08,0.8,0.93,1.42,8.28,2.66,-0.31,-0.22,0.7
2025-09-25,0.6,1.24,-0.49,-0.65,0.96,2.49,0.38,1.94,-0.07,-0.4,-0.58,0.63,1.82,-0.29,0.41,-0.66,-0.32,-1.13
2025-09-26,-0.95,-1.6,0.27,0.09,-2.01,-3.57,-0.96,-1.98,-0.47,-0.33,1.03,-1.06,0.1,-0.22,-3.64,0.11,-0.55,0.42
2025-09-29,1.54,1.35,0.36,-0.3,0.6,1.58,0.56,0.49,4.86,0.49,0.64,2.18,3.79,2.6,2.26,-0.49,0.28,0.15
2025-09-30,0.45,1.69,-0.24,-0.27,2.03,0.42,1.44,0.96,-1.04,2.64,4.16,2.15,3.59,0.18,1.92,-0.76,0.27,-0.04
2025-10-02,,,,,,,,,,,,,,,1.42,,,
2025-10-03,,,,,,,,,,,,,,,-0.47,,,
2025-10-06,,,,,,,,,,,,,,,-1.0,,,
2025-10-08,,,,,,,,,,,,,,,-0.9,,,
2025-10-09,1.48,2.93,0.76,0.65,0.92,0.91,-0.38,-3.55,0.22,1.29,1.13,6.81,8.15,3.05,-0.74,-0.21,-1.8,0.18
2025-10-10,-1.97,-5.61,1.03,1.14,-2.29,-4.92,-1.41,-1.17,0.37,-1.14,-0.74,-2.89,-2.79,-3.7,-3.31,0.48,-0.2,1.12
2025-10-13,-0.5,1.4,-0.44,0.02,-2.2,-0.75,-1.97,-1.37,-1.35,0.98,0.9,6.33,3.72,3.67,-1.89,0.75,-1.15,-0.38
2025-10-14,-1.2,-4.26,1.12,2.13,-1.26,-5.13,-1.16,-1.84,-0.52,-1.3,-1.83,-2.1,-3.8,-6.53,-3.52,2.53,0.36,0.22
2025-10-15,1.48,1.4,0.43,0.11,1.42,1.97,1.48,1.4,1.22,0.05,-0.33,-0.11,0.85,-0.37,2.63,0.54,2.07,0.1
2025-10-16,0.26,-0.94,0.34,1.03,-0.19,-0.1,0.31,-0.87,-0.29,-1.1,-1.1,-3.0,-2.22,-1.43,-0.98,1.34,-0.25,-1.52
2025-10-17,-2.26,-3.77,-0.77,-0.34,-2.56,-3.01,-2.31,-2.72,-2.09,-3.36,-3.46,-2.74,-1.97,-4.43,-3.92,-0.32,-0.25,-0.9
2025-10-20,0.53,0.35,0.74,0.75,0.27,1.59,0.4,1.52,0.11,0.34,0.15,0.13,-1.48,-0.03,2.73,-0.11,2.3,-1.3
2025-10-21,1.53,2.81,0.04,-0.2,1.1,4.38,1.01,1.15,0.91,1.37,0.05,1.32,1.51,2.09,1.06,0.32,0.42,0.64
2025-10-22,-0.33,-0.06,0.1,0.15,-0.79,0.07,-0.54,-0.32,-1.0,-1.17,-1.27,-1.52,-1.27,-0.49,-1.41,0.97,-0.43,-1.25
2025-10-23,0.3,-0.3,0.81,0.81,0.12,-0.92,0.2,0.91,1.01,-0.48,0.0,-0.6,1.16,-0.17,0.55,0.65,0.64,0.17
2025-10-24,1.18,4.35,-0.65,-0.79,0.69,5.56,0.19,-0.61,0.9,2.38,1.99,2.32,1.7,4.8,1.05,-0.44,-1.12,-0.12
2025-10-27,1.19,1.5,0.47,0.38,0.5,2.14,0.42,-0.47,1.13,1.45,1.14,2.71,2.44,3.32,1.87,0.03,-0.06,1.93
2025-10-28,-0.51,-0.84,-0.53,-0.16,-0.78,-0.52,-0.96,0.37,-0.68,1.02,1.07,-1.39,-3.2,0.28,-1.18,-0.16,-0.01,-0.87
2025-10-29,1.19,1.18,0.04,-0.5,1.01,0.62,0.67,0.42,2.25,0.71,0.5,2.47,4.56,-0.19,,-2.07,0.81,0.42
2025-10-30,-0.8,-1.87,-0.41,-0.14,-2.51,-2.59,-1.42,-1.48,-2.01,-1.9,-1.99,0.86,1.18,-1.42,-0.44,0.04,0.08,-0.94
2025-10-31,-1.47,-3.13,-0.05,-0.22,1.1,-4.08,0.82,3.28,-1.08,-1.33,-1.54,-2.77,-2.36,-4.64,-1.8,-0.11,1.07,0.82
2025-11-03,0.27,-1.04,0.9,1.43,-0.53,-0.16,-0.71,3.84,-0.24,0.6,0.39,-1.42,-1.31,-1.08,1.09,1.31,1.67,0.86
2025-11-04,-0.75,-0.97,0.37,0.83,-1.83,-1.41,-1.44,-0.2,-0.5,-1.29,-1.59,-1.28,-3.2,1.24,-2.25,2.07,0.06,-1.07
2025-11-05,0.19,0.23,0.42,0.3,0.2,-0.59,-0.1,0.43,-0.34,-0.29,0.05,-0.16,0.48,-0.21,-0.82,-0.01,1.04,0.33
2025-11-06,1.43,3.34,0.39,0.2,-0.15,3.69,0.41,-2.24,1.27,0.9,1.38,1.41,3.19,3.38,1.7,-0.43,-1.38,0.17
2025-11-07,-0.31,-1.47,0.12,0.06,-0.49,-1.96,-0.41,-0.69,-0.9,-0.53,-0.62,-0.21,0.74,0.74,-2.62,-0.14,0.94,-0.04
2025-11-10,0.35,-0.57,0.74,0.76,1.78,-1.49,1.49,0.81,1.31,-0.21,0.26,-1.31,0.49,1.7,2.15,0.65,5.25,2.4
2025-11-11,-0.91,-1.42,-0.22,-0.26,-0.41,-2.37,-0.3,-0.49,-1.23,-1.02,-0.85,-1.12,-1.39,-1.37,-0.28,0.35,1.39,-0.27
2025-11-12,-0.13,-0.58,0.07,0.27,-0.13,0.19,0.36,-1.03,-0.7,-0.79,-0.74,-1.63,0.01,-0.89,0.01,0.48,-0.69,-0.62
2025-11-13,1.21,1.44,0.27,0.22,0.7,0.85,0.89,0.57,1.09,0.62,0.23,2.24,4.12,0.21,0.73,-0.05,1.34,0.7
2025-11-14,-1.57,-2.72,-0.59,-0.58,-0.78,-3.2,-0.95,-0.95,-1.44,-0.62,-0.43,-1.43,-2.01,-2.09,-2.09,0.25,-1.21,-0.66
2025-11-17,-0.65,-0.53,-0.49,-0.37,-1.59,0.89,-0.87,0.68,-1.05,1.34,1.22,0.57,-0.32,-1.3,-0.68,-1.32,-0.18,-1.03
2025-11-18,-0.65,0.29,-1.38,-1.41,-0.44,0.52,-0.5,0.44,0.15,-1.38,-1.76,-1.91,-2.89,1.45,-1.8,-0.34,-1.45,-0.65
2025-11-19,0.44,-0.97,0.16,0.46,-0.97,-0.14,-0.39,-2.59,-0.05,0.6,0.8,0.65,2.79,-1.0,-0.81,0.85,-0.77,0.19
2025-11-20,-0.51,-1.24,-0.22,-0.11,-1.11,0.01,-0.58,-1.22,-0.49,-1.0,-1.47,-0.01,-0.37,-2.29,-0.42,0.8,-1.15,-0.68
2025-11-21,-2.44,-3.19,-1.79,-1.52,-1.75,-4.35,-1.24,-0.36,-3.44,-2.04,-1.66,-5.01,-5.31,-4.49,-2.57,-1.04,-2.32,-1.72
2025-11-24,-0.12,0.84,-0.49,-0.8,0.91,0.13,0.35,2.77,0.25,3.85,3.97,0.79,-0.9,0.91,2.96,-0.77,0.12,0.38
2025-11-25,0.95,0.43,0.49,0.47,0.18,1.86,0.45,1.61,0.22,-0.31,-0.64,1.12,2.35,0.27,1.54,1.32,-0.08,0.3
2025-11-26,0.61,0.99,-0.42,-0.52,-0.17,3.66,0.45,-0.93,-0.25,-2.0,-2.29,-0.52,-0.09,0.59,-0.31,-0.77,0.01,-0.16
2025-11-27,-0.05,-0.33,0.17,0.18,-0.49,-0.28,-0.53,-1.73,0.03,-0.17,-0.35,-0.3,0.25,-0.64,-0.76,0.53,-0.64,-0.05
2025-11-28,0.25,1.25,0.1,0.03,0.54,0.44,0.3,0.67,0.45,1.28,0.93,1.77,1.64,3.21,-0.08,-0.82,0.37,0.96
2025-12-01,1.1,0.72,0.83,0.49,0.43,2.38,0.82,1.27,0.32,1.1,0.71,2.26,3.05,0.31,0.6,0.76,2.94,-0.86
2025-12-02,-0.48,-1.24,-0.12,0.14,-1.61,-0.9,-0.88,-1.77,-1.01,-0.29,-0.53,-1.52,-1.43,-1.25,-0.91,0.01,0.01,-0.58
2025-12-03,-0.51,-0.89,-0.2,-0.25,-0.68,-1.08,-0.5,-2.68,-0.97,-1.11,-1.5,-0.1,0.62,-0.7,-1.84,-0.89,-0.14,-0.17
2025-12-04,0.34,1.36,-0.37,-0.42,0.03,1.34,-0.18,-0.24,0.32,0.62,0.97,-0.74,0.34,2.87,1.22,-0.42,-1.39,-0.53
2025-12-05,0.84,0.0,0.09,-0.1,0.97,-0.35,0.35,0.59,2.54,2.39,1.77,2.35,2.5,0.33,0.77,-0.58,-0.41,0.65
2025-12-08,0.81,1.86,-0.55,-0.55,0.0,3.0,-0.07,0.45,1.97,1.14,0.91,0.9,0.71,1.43,-0.61,0.03,0.76,0.01
2025-12-09,-0.51,-0.27,-0.92,-0.77,-0.57,1.11,-0.59,0.25,-1.24,-0.12,-1.06,-1.49,-3.18,-0.5,-1.53,-0.06,-2.02,-1.26
2025-12-10,-0.14,-0.03,0.09,-0.37,0.17,-0.46,0.71,0.62,0.24,0.76,1.02,0.01,0.96,0.21,0.26,-1.58,1.41,0.63
2025-12-11,-0.86,-1.55,-0.84,-0.72,-1.05,-2.48,-0.43,-2.15,-1.26,-0.35,-0.19,-0.66,-0.75,0.07,-0.89,0.24,-1.96,-1.11
2025-12-12,0.63,1.74,-0.16,-0.25,1.07,0.94,0.39,0.63,0.61,1.09,1.06,1.15,1.22,5.06,2.25,-0.26,0.12,1.13
2025-12-15,-0.63,-2.22,0.56,0.75,-0.96,-1.5,-0.7,-1.52,0.41,0.87,1.48,-1.16,-0.6,-1.52,-2.1,-0.1,0.55,0.9
2025-12-16,-1.2,-1.94,-0.78,-0.88,-0.76,-2.38,-0.83,-2.89,-0.74,-1.41,-1.07,-2.88,-2.63,-0.84,-1.91,-0.54,0.87,-0.17
2025-12-17,1.83,2.47,0.28,0.14,1.84,3.39,0.93,1.52,1.96,-0.07,-0.34,2.42,3.35,1.6,1.16,0.1,2.39,-0.28
2025-12-18,-0.59,-1.46,0.81,1.18,0.5,-1.85,-0.48,0.22,-0.98,1.09,1.95,-1.28,-0.21,-1.8,-1.07,1.99,-0.01,-0.56
2025-12-19,0.34,0.2,0.18,-0.17,0.88,0.11,1.17,1.3,0.43,1.35,2.02,2.3,2.11,-0.54,0.88,-0.45,2.87,0.82
2025-12-22,0.95,2.04,-0.46,-0.45,-0.58,2.11,0.26,-1.08,-0.06,0.56,-0.1,1.93,2.25,4.5,0.51,-0.56,1.22,0.57
2025-12-23,0.2,0.36,0.02,0.13,-0.93,-0.05,-0.65,-0.51,-0.25,-1.45,-2.22,0.04,0.6,1.39,-0.6,0.37,-1.86,-0.59
2025-12-24,0.29,0.9,0.24,0.08,0.35,0.62,-0.25,0.81,0.75,2.64,2.65,0.54,0.42,0.59,-0.29,-0.3,0.0,-1.34
2025-12-25,0.18,-0.23,0.26,0.25,1.17,0.17,0.6,0.51,0.38,3.13,4.07,1.03,-0.94,0.09,,-0.18,-0.39,0.72
2025-12-26,0.32,-0.24,0.5,0.38,-0.39,-0.26,0.27,0.31,0.67,1.21,0.74,1.07,3.88,-1.21,,-0.35,1.22,0.02
2025-12-29,-0.38,0.04,-0.22,0.15,-0.73,0.61,-0.66,-0.26,-0.66,1.26,2.02,-0.03,-2.25,-1.06,-0.89,1.03,-0.04,0.3
2025-12-30,0.26,1.01,-0.04,-0.07,-0.78,1.4,0.05,0.9,-0.23,-0.63,-0.69,0.61,1.71,0.09,0.8,-0.14,-1.03,0.55
2025-12-31,-0.46,-1.15,0.09,-0.18,-0.68,-0.75,-0.46,0.95,-0.48,2.26,2.93,0.2,0.94,-0.37,-0.42,0.1,2.53,-0.77
2026-01-02,,,,,,,,,,,,,,,2.88,,,
2026-01-05,1.9,4.41,0.38,-0.04,4.91,3.62,2.17,1.56,1.87,2.5,2.49,2.33,2.73,5.25,1.33,-0.34,-1.29,0.35
2026-01-06,1.55,1.84,1.19,1.17,1.28,0.78,0.76,0.97,4.12,3.22,4.78,2.7,4.1,3.07,1.19,0.52,0.6,1.19
2026-01-07,-0.29,0.99,0.03,0.46,0.62,0.49,0.21,0.49,-1.48,-0.7,-0.88,3.19,0.59,7.15,-1.48,-0.71,1.16,-0.81
2026-01-08,-0.82,0.82,-0.33,-0.2,0.92,0.06,-0.64,2.15,-2.72,4.23,5.07,-1.02,-2.03,-0.04,-0.98,-0.92,-0.29,-0.18
2026-01-09,0.45,1.43,0.32,0.34,2.14,3.33,0.92,4.41,0.26,3.69,3.08,3.37,2.91,-0.53,1.35,-0.43,0.2,0.38
2026-01-12,0.65,2.43,0.33,-0.04,1.83,5.65,0.28,7.46,1.48,6.03,6.24,3.9,1.12,0.6,5.33,0.3,0.66,-0.01
2026-01-13,-0.6,-2.8,-0.34,-0.17,1.66,-2.41,-0.06,-0.43,-0.7,-5.21,-4.61,-2.25,1.28,-3.58,0.37,0.63,-1.35,-0.95
2026-01-14,-0.4,2.13,-0.71,-0.96,0.82,2.87,-0.91,1.13,-0.65,-0.19,0.65,-1.16,0.55,2.32,1.8,-1.91,-0.34,-0.11
2026-01-15,0.2,-0.46,-0.19,-0.33,-1.22,-0.56,-0.33,-1.94,-1.59,-2.98,-3.68,-0.29,1.88,4.21,-1.87,-0.69,0.6,-0.03
2026-01-16,-0.41,1.35,-0.87,-0.83,-2.48,-0.83,-0.32,-4.88,-0.82,-0.93,-2.61,-0.23,-0.93,5.7,-0.75,-1.45,-1.89,-1.4
2026-01-19,0.05,-0.48,0.83,0.53,-1.06,-1.81,0.09,-1.44,-0.37,1.54,3.26,0.81,0.24,-0.57,-2.32,-0.57,3.89,1.14
2026-01-20,-0.33,-1.58,1.32,1.16,-1.46,-2.39,-0.34,-0.89,0.45,-2.91,-2.45,-1.67,0.38,-0.73,-0.95,0.76,1.65,-0.33
2026-01-21,0.09,3.53,-0.61,-0.55,0.11,1.37,-0.58,-0.36,-0.66,-0.08,-0.1,1.53,2.89,0.71,1.14,-1.58,-1.06,-0.91
2026-01-22,0.01,0.41,0.73,0.67,-0.43,2.72,-0.64,0.88,0.17,3.15,3.52,1.04,-0.78,-1.9,-0.24,-0.42,-0.49,0.01
2026-01-23,-0.45,0.78,-0.12,-0.42,1.37,-0.51,0.38,2.57,-0.13,3.0,2.54,2.54,2.69,1.68,0.79,-0.92,-0.48,0.08
2026-01-26,0.1,-1.35,0.65,1.25,-0.86,0.0,-1.21,-2.1,0.74,-4.43,-5.46,0.55,5.16,-3.68,-0.86,0.38,-1.22,1.58
2026-01-27,-0.03,1.51,-0.85,-0.89,-1.08,1.63,-0.84,0.12,-1.11,1.42,2.21,-1.44,-0.9,3.55,0.84,-0.11,-1.4,-2.07
2026-01-28,0.26,-0.08,1.56,1.86,-2.03,-1.06,-0.89,-0.87,-0.02,-1.58,-2.09,2.13,6.36,0.84,2.15,-0.62,-1.17,0.52
2026-01-29,0.76,-3.03,1.24,1.16,1.48,-0.71,2.2,2.84,1.28,-1.83,-1.76,0.86,2.02,-4.45,0.2,1.55,0.98,1.24
2026-01-30,-1.0,0.12,-1.0,-0.83,-1.52,0.97,-1.88,0.08,-1.53,-1.69,-2.45,-5.69,-8.24,-0.01,-2.48,-0.39,0.0,0.09
2026-02-02,-2.13,-3.88,-3.12,-3.13,-2.16,-3.26,-1.2,-1.55,-1.34,-1.92,-1.81,-5.17,-7.89,-5.59,-2.72,0.15,-1.17,-3.19
2026-02-03,1.18,1.39,0.76,0.23,2.05,1.25,1.64,3.13,-0.19,4.51,4.2,4.58,3.06,3.3,-1.26,-0.81,1.64,0.92
2026-02-04,0.83,-1.2,2.66,3.08,1.11,-4.18,1.61,-2.88,1.33,0.18,1.04,0.22,0.21,-0.56,-2.41,1.41,2.84,1.32
2026-02-05,-0.6,-1.44,-0.45,-0.42,0.27,-2.14,0.81,1.81,0.33,-1.32,-0.91,-4.37,-4.92,-0.31,0.85,1.6,1.67,-0.27
2026-02-06,-0.57,-0.71,-0.27,-0.33,-0.73,-1.74,-0.76,0.09,-0.75,-1.77,-1.8,1.6,0.37,-0.8,-1.85,-0.6,-1.58,-0.09
2026-02-09,1.63,2.51,0.67,0.6,0.6,3.92,0.32,6.07,0.98,1.79,1.32,3.32,2.02,2.28,1.72,0.35,1.69,0.48
2026-02-10,0.11,0.91,0.37,0.43,0.5,1.29,-0.02,9.25,-0.25,0.18,-0.03,0.75,-0.09,0.16,0.12,0.26,-0.69,-0.54
2026-02-11,-0.22,-1.11,0.7,0.9,-0.42,-1.51,0.07,-3.57,-0.17,-0.72,-1.28,2.5,2.7,-0.93,1.06,0.19,-1.11,0.38
2026-02-12,0.12,1.78,-0.32,-0.19,-0.32,1.93,-0.56,-3.46,-0.69,1.32,0.95,1.73,0.67,0.12,-1.67,-1.39,-2.21,-1.36
2026-02-13,-1.25,-0.72,-1.45,-1.46,-1.73,-0.45,-0.84,0.24,-1.04,0.23,1.11,-2.79,-3.53,1.1,-1.24,-0.69,-0.41,-0.81
2026-02-16,,,,,,,,,,,,,,,-0.11,,,
2026-02-20,,,,,,,,,,,,,,,-3.06,,,
2026-02-23,,,,,,,,,,,,,,,2.92,,,
2026-02-24,1.01,-0.34,1.52,1.86,0.08,-1.11,-0.36,-6.73,-0.12,1.26,1.2,1.85,3.23,0.34,-3.34,-0.25,-2.91,0.45
2026-02-25,0.6,0.54,0.54,0.25,0.83,-0.07,0.28,-0.8,0.58,1.81,1.11,6.08,3.77,4.96,-0.23,-0.48,-0.15,1.15
2026-02-26,-0.19,0.85,-0.29,-0.08,-0.75,2.36,-1.28,-1.72,-1.05,1.69,1.58,-0.73,-0.75,1.66,-2.59,-0.21,-0.72,0.05
2026-02-27,-0.34,0.15,1.0,1.17,0.51,0.6,-0.09,0.16,0.2,-0.03,-0.37,3.94,3.48,-2.5,0.57,-0.02,0.56,1.72
2026-03-02,0.38,-1.56,1.35,2.2,-2.06,-1.39,-1.67,-3.83,-1.28,2.35,3.89,-0.35,3.53,-2.17,-4.08,0.58,-3.02,-0.76
2026-03-03,-1.54,-5.21,0.79,1.82,-2.75,-4.17,-1.7,-4.41,-0.93,-6.96,-6.95,-6.44,-5.6,-5.15,-2.15,1.02,-1.63,-0.67
2026-03-04,-1.14,-0.49,-1.61,-1.76,-1.21,-1.72,-1.46,-0.66,-2.35,1.44,1.88,0.99,-0.38,-0.92,-0.99,-1.08,-1.04,0.52
2026-03-05,0.98,1.72,-0.11,-0.37,0.25,2.24,0.35,0.64,0.24,0.66,0.28,-0.32,-0.74,1.13,-0.88,0.92,-0.66,-1.21
2026-03-06,0.27,0.64,0.19,-0.27,1.78,0.75,1.51,0.88,1.2,0.91,1.11,-0.91,-2.1,-1.29,2.58,0.16,1.39,4.14
2026-03-09,-0.97,-1.69,0.07,0.83,-1.08,0.51,-1.3,0.01,-1.73,-1.86,-2.23,-1.04,-0.89,-2.69,0.19,-0.66,-2.39,0.02
2026-03-10,1.28,2.16,-0.75,-1.4,1.72,1.89,1.66,0.9,0.79,1.32,1.61,1.15,0.96,2.12,2.58,0.22,1.33,-0.42
2026-03-11,0.64,-1.37,1.46,1.53,-0.05,-1.68,-0.06,-0.21,0.23,-1.56,-1.93,-0.94,-0.42,-1.31,-0.68,0.89,-0.8,1.44
2026-03-12,-0.36,-1.24,1.21,2.08,-0.89,-1.74,-0.61,-0.92,-0.14,-2.09,-2.32,-0.39,-0.61,-1.09,-1.29,0.62,0.01,1.5
2026-03-13,-0.39,-0.72,-0.37,-0.53,-0.15,-2.04,-0.18,-1.8,-0.83,-2.84,-3.35,-2.08,-2.72,-1.47,-0.7,0.4,0.08,-0.77
2026-03-16,0.05,0.83,-0.71,-0.95,-0.03,1.09,0.79,0.85,-0.47,-0.13,-0.46,-2.18,-2.93,2.11,2.32,0.39,0.41,0.74
2026-03-17,-0.73,-2.23,-0.74,-0.68,-0.37,-2.73,0.35,-1.87,1.0,-2.67,-2.5,-2.81,-1.8,-2.99,0.1,0.83,0.09,-1.35
2026-03-18,0.45,1.36,-0.6,-0.44,0.23,3.81,-0.29,1.08,-0.32,1.71,1.58,0.67,-0.83,1.69,0.92,-0.42,-0.83,-0.34
2026-03-19,-1.61,-2.44,-0.59,0.29,-1.98,-1.48,-1.71,-1.56,-1.25,-2.65,-2.74,-4.81,-6.14,-2.57,-2.71,-0.2,-2.45,-1.89
2026-03-20,-0.35,-1.55,-0.46,-0.16,-2.02,-0.77,-1.05,-3.31,-1.77,-2.83,-2.55,-1.72,-1.13,-0.23,-3.6,-0.28,-0.7,-0.91
2026-03-23,-3.26,-4.31,-2.54,-1.82,-4.31,-4.18,-3.45,-5.16,-4.04,-4.99,-4.05,-3.36,-4.63,-4.07,-3.53,-3.28,-5.83,-5.85
2026-03-24,1.28,2.33,1.54,0.95,2.84,1.76,1.43,2.96,1.05,2.47,2.35,1.82,3.19,2.06,2.43,2.11,2.25,0.53
2026-03-25,1.4,1.91,0.24,-0.51,1.06,2.48,1.05,1.99,1.11,1.86,1.93,2.78,3.04,1.9,2.25,0.63,2.95,1.03
2026-03-26,-1.32,-2.02,0.04,0.44,-1.59,-2.82,-1.23,-2.01,-2.3,-1.97,-1.88,-1.44,-1.71,-1.96,-3.01,0.38,-1.17,-0.85
2026-03-27,0.56,0.93,0.23,-0.15,2.88,-0.21,2.04,1.77,0.66,0.57,0.37,1.94,2.79,2.65,0.29,-0.5,0.91,1.79
2026-03-30,-0.24,-0.84,0.92,0.98,0.7,-0.36,0.12,0.56,-0.48,1.13,1.33,-0.36,1.81,2.54,-2.13,0.49,-0.98,-0.5
2026-03-31,-0.93,-2.59,-1.17,-1.5,-0.04,-2.23,-0.14,-0.82,-0.8,-0.55,-0.53,-1.6,-1.47,-3.81,-1.17,0.65,-0.73,-1.9
2026-04-01,1.71,3.33,0.06,-0.25,3.61,3.98,2.5,2.04,1.53,0.57,0.16,1.15,2.48,2.23,2.31,0.12,3.23,0.8
2026-04-02,-1.04,-2.77,0.23,0.65,-0.73,-3.57,-0.39,-2.51,-1.74,-1.93,-1.78,-2.39,-1.69,-2.91,-2.26,0.53,-2.15,1.88
2026-04-03,-0.85,-0.47,-1.66,-1.45,-2.33,0.84,-1.42,-2.44,-0.9,-1.3,-1.61,-1.0,-1.02,0.41,,-1.14,-2.12,-2.4
2026-04-07,0.0,1.42,0.5,0.55,0.2,1.08,-0.57,1.49,-0.21,0.03,-0.22,2.15,1.05,0.58,,-0.93,-0.09,1.75
2026-04-08,3.49,6.18,0.8,-0.08,2.47,7.7,2.24,5.31,3.96,5.09,4.74,4.35,6.02,6.67,6.34,0.81,4.4,1.24
2026-04-09,-0.64,-0.65,-0.76,-0.52,-1.31,-0.83,-0.92,-1.52,-2.22,-0.76,-0.94,0.49,-0.5,0.78,-2.32,-0.84,-2.59,-1.43
2026-04-10,1.54,1.53,0.21,0.2,1.1,2.66,0.37,0.34,3.58,1.23,0.75,0.45,-0.49,1.24,0.08,-0.14,0.15,-0.66
2026-04-13,0.21,0.79,-0.08,0.23,-1.33,0.29,-1.04,-0.57,0.69,0.86,1.15,1.29,0.28,-1.85,-1.87,0.02,-0.53,1.38
2026-04-14,1.19,2.17,0.21,0.0,0.93,2.23,0.62,1.57,0.45,1.8,1.58,0.27,1.86,3.59,1.06,0.87,0.08,2.52
2026-04-15,-0.34,0.09,0.36,0.4,-0.12,-0.81,0.99,-1.89,-0.65,-0.44,0.0,-1.81,-1.51,-1.81,1.37,1.07,0.43,0.53
2026-04-16,1.1,1.13,0.24,0.19,0.02,3.33,0.2,2.84,0.61,0.45,-0.3,2.34,3.0,1.13,3.59,-0.38,1.09,-0.15
2026-04-17,-0.17,0.08,-0.68,-0.7,-1.81,1.95,-1.77,0.42,-0.27,0.84,0.4,0.82,-0.03,0.1,-1.14,-0.41,-1.67,-1.33
2026-04-20,0.61,1.91,0.13,0.14,0.93,0.98,0.14,0.39,-0.18,2.71,2.92,1.95,0.36,1.2,0.89,1.05,1.02,-0.34
2026-04-21,0.22,-1.64,0.88,1.31,-0.5,-1.33,-0.26,-0.5,-0.78,-0.43,-0.7,-0.27,0.16,-0.73,-0.42,0.37,-0.48,0.07
2026-04-22,0.66,1.71,-0.01,0.02,1.09,3.12,-0.21,-1.3,0.79,0.27,-0.32,0.53,0.08,3.06,-2.65,-0.68,-1.05,-1.0
2026-04-23,-0.28,-1.28,0.5,0.7,-0.18,-0.78,0.13,-1.11,-0.86,0.15,0.02,-4.24,-3.86,-1.34,-1.44,0.36,-0.83,-1.73
2026-04-24,-0.35,1.47,-0.09,-0.31,-0.16,-1.91,-0.22,-2.38,-0.92,-1.95,-2.77,0.0,0.97,0.71,-0.21,-0.29,-0.94,-1.09
2026-04-27,0.03,3.76,-0.22,-0.19,-0.58,0.47,-0.59,0.92,0.07,-0.16,-0.17,-0.2,-1.03,6.31,-1.21,-0.35,-0.22,-0.84
2026-04-28,-0.27,-1.31,1.13,1.64,1.73,-2.26,0.5,-2.22,1.21,-1.57,-3.1,-1.86,-2.43,-0.24,-2.38,0.4,-1.51,0.9
2026-04-29,1.1,0.33,0.95,0.7,-0.09,1.02,0.91,0.83,0.43,0.28,0.11,5.29,4.5,0.05,2.24,-0.36,2.14,2.16
2026-04-30,-0.06,5.19,-0.33,-0.3,-0.85,3.36,-0.39,-0.48,0.24,1.66,1.73,1.07,-0.94,3.55,-2.01,-0.73,-0.91,0.88
2026-05-04,,,,,,,,,,,,,,,2.92,,,
2026-05-05,,,,,,,,,,,,,,,-0.49,,,
2026-05-06,1.45,5.47,0.29,-0.03,0.0,3.86,-0.2,2.01,1.4,2.19,2.35,3.07,3.86,1.79,0.28,-0.86,-1.43,0.16
2026-05-07,0.48,1.32,-1.61,-1.99,0.68,2.85,0.54,1.02,-0.36,1.17,0.68,0.12,0.36,2.11,3.13,-0.32,0.22,-1.06
2026-05-08,-0.58,-2.29,-0.34,-0.41,-0.43,-1.26,-0.34,1.05,-0.76,1.84,3.2,-0.11,0.04,-1.88,0.63,-0.07,0.79,-0.9
2026-05-11,1.64,4.65,0.27,-0.03,1.36,2.77,0.42,-0.94,1.66,0.73,1.02,2.65,-0.01,6.18,-1.37,-0.04,-1.04,0.9
2026-05-12,-0.08,0.41,-0.15,-0.17,-1.08,1.05,-0.18,-0.58,0.28,-0.86,-1.56,-3.05,-0.76,3.75,-1.14,-0.25,-1.22,-2.3
2026-05-13,1.02,2.69,-0.46,-0.5,-0.09,3.69,-0.6,1.01,-0.51,1.16,0.6,1.41,0.86,4.57,0.5,-0.47,0.17,-1.34
2026-05-14,-1.68,-2.55,-0.94,-0.8,-2.61,-2.01,-1.8,-3.65,-2.22,-4.61,-4.98,-3.26,-3.56,-0.32,0.21,0.25,-1.82,1.31
2026-05-15,-1.12,-1.67,-0.24,0.14,-0.27,-1.84,-0.33,-0.1,-2.04,-2.35,-2.6,-0.9,-4.29,4.29,-3.23,-0.45,-1.85,-0.83
2026-05-18,-0.54,0.81,-0.46,-0.2,-1.67,0.69,-1.32,0.42,-0.24,-0.68,-0.09,-1.3,-1.54,0.75,-1.48,-0.96,-1.48,-2.38
2026-05-19,0.4,3.81,0.14,0.15,0.69,1.63,-0.1,1.67,1.02,0.13,-0.05,-1.46,-1.35,4.81,0.48,0.38,0.97,0.0
2026-05-20,-0.04,3.2,-0.33,-0.31,-1.02,0.18,-0.43,-2.46,-0.69,-0.46,-0.95,0.82,0.2,6.95,-1.57,-0.88,-1.11,-1.33
2026-05-21,-1.39,-3.7,-1.58,-1.43,1.06,-3.64,0.6,-2.94,0.2,-2.53,-1.79,-2.3,-2.11,-6.88,-2.88,0.22,-0.16,-1.44
2026-05-22,1.3,1.51,-0.17,-0.38,-1.12,2.45,-1.09,0.33,-1.51,1.54,0.45,2.47,3.63,1.61,0.31,-0.21,-1.23,-0.93
2026-05-25,1.58,5.88,0.49,1.01,0.31,4.22,-0.48,0.53,0.95,1.39,1.21,0.5,0.46,5.75,,0.01,1.31,-0.45
2026-05-26,0.53,-1.49,0.09,-0.06,-0.67,-0.28,-0.01,-2.05,0.87,-2.05,-2.19,0.23,3.43,-2.02,-0.86,0.22,0.41,0.39
2026-05-27,-0.8,-2.8,-0.9,-0.56,-0.81,-2.03,-0.39,0.46,-1.21,-1.92,-2.14,-2.96,-4.27,-3.38,-1.69,-0.32,-1.08,-2.01
2026-05-28,0.12,1.59,-0.24,-0.09,-1.23,2.14,-2.25,-1.57,-2.03,1.61,0.86,2.28,-0.74,1.65,-2.21,-0.64,-1.46,-1.12
2026-05-29,-0.45,-5.04,1.18,1.1,-0.21,-3.6,1.49,-0.08,1.08,-4.75,-4.33,-4.28,-1.54,-6.24,0.07,1.8,2.72,0.51
2026-06-01,-0.98,-5.0,2.64,3.39,-0.67,-1.8,-0.35,2.28,0.24,-1.27,-0.34,-1.02,-0.79,-5.7,3.92,1.18,0.28,1.3
2026-06-02,1.45,1.61,-0.31,-0.05,-0.92,2.89,-0.62,-3.19,0.14,-0.25,-0.69,1.36,3.46,1.22,5.44,0.61,-1.82,-2.18
2026-06-03,0.49,2.11,-0.04,0.45,-1.47,2.92,-1.39,-1.54,-0.19,0.69,0.64,2.2,0.83,2.59,-4.26,-0.93,-1.65,-1.16
2026-06-04,-0.69,0.69,-0.44,0.01,-1.5,-0.81,-1.24,-1.18,-1.14,0.38,-0.2,0.07,-3.14,4.76,-2.11,-1.1,-1.52,-2.45
2026-06-05,-1.79,-4.01,0.04,-0.15,-0.14,-3.62,-0.02,1.01,-0.64,-0.33,0.73,0.15,-2.12,-3.49,-0.52,1.31,0.93,-0.46
2026-06-08,-2.14,-4.3,-0.88,-0.53,-2.32,-3.01,-1.16,-2.36,-1.54,-4.28,-3.94,-4.52,-5.7,-2.93,-2.75,0.56,-2.48,-1.17
2026-06-09,1.87,4.17,-0.06,-0.51,-0.44,3.42,-0.51,1.09,0.38,1.29,0.61,3.79,2.92,8.0,0.09,0.49,0.06,-0.14
2026-06-10,-1.11,-0.65,-0.73,-0.86,0.13,-2.22,0.31,-0.51,1.23,-1.15,-1.83,-1.71,-1.4,1.95,-0.04,1.56,1.39,0.53
2026-06-11,-0.55,0.62,-0.4,-0.1,0.02,-3.07,-0.48,-4.88,-0.94,-0.07,-0.34,0.79,1.95,5.84,-1.88,-0.3,-2.29,-0.52
2026-06-12,1.16,0.05,1.49,1.31,1.98,-0.03,1.57,0.89,3.5,1.98,2.67,1.84,4.36,-2.94,1.43,1.09,3.06,1.3
2026-06-15,2.39,5.12,-1.04,-1.67,-0.1,6.37,-0.27,1.38,2.55,1.41,0.48,3.06,4.99,5.03,0.17,-1.59,1.3,0.13
2026-06-16,-0.15,0.58,-1.74,-1.72,-1.44,-0.03,-1.55,0.13,1.08,0.31,0.28,3.37,-0.77,0.82,-2.84,-1.27,-1.67,-1.29
2026-06-17,0.97,4.69,-1.08,-1.39,-0.12,2.97,-0.99,-2.65,-0.13,1.69,0.13,-1.22,-0.25,8.54,-0.69,-0.92,-1.44,-1.65
2026-06-18,0.21,3.84,-2.16,-2.36,0.91,5.23,-0.16,-0.71,-2.96,0.12,0.43,3.13,0.14,1.65,-2.12,-2.6,-2.24,-1.98
2026-06-22,2.39,1.96,1.06,1.16,0.73,1.84,0.9,1.17,7.41,0.65,1.24,4.07,5.27,3.22,-1.99,0.77,0.07,0.87
2026-06-23,-2.77,-1.68,-0.57,-0.64,-0.18,-3.7,-0.92,-0.44,0.38,-3.59,-3.37,-6.0,-8.36,0.09,-3.43,1.07,-0.44,-0.53
2026-06-24,0.48,3.82,-1.49,-2.03,0.92,2.85,0.65,-2.92,-1.9,0.86,-0.18,0.01,0.26,5.14,0.0,-2.51,-1.87,-2.36
2026-06-25,1.56,3.87,-1.22,-1.48,0.75,3.43,0.32,0.04,3.43,-0.13,-0.3,0.34,-2.9,2.89,-2.21,-0.88,1.67,-0.58
2026-06-26,-3.03,-1.65,-2.17,-2.21,-2.55,-4.59,-2.32,-3.22,-3.88,-1.68,-0.53,-3.91,-4.44,3.42,-3.52,-0.93,-2.56,0.65
2026-06-29,1.21,4.61,0.69,1.01,5.14,0.92,4.19,1.09,1.37,-0.42,0.35,-1.44,1.38,9.43,3.65,0.43,0.07,3.23
2026-06-30,1.07,3.85,-1.92,-2.35,-1.27,5.67,-0.8,0.03,0.15,3.61,3.68,3.09,-0.7,3.31,-0.12,-2.36,-1.24,-1.54
2026-07-01,-0.41,-2.48,1.71,1.77,2.85,-1.97,1.92,2.14,4.7,0.67,0.62,-0.21,-0.03,0.06,,0.7,2.59,5.24
2026-07-02,-2.96,-7.7,0.91,1.16,-1.32,-7.19,-0.26,-0.14,-2.47,-2.46,-2.26,-0.55,0.9,-9.82,2.27,1.16,-0.92,0.65
2026-07-03,0.62,-0.59,1.02,0.95,1.87,0.55,1.83,-0.04,0.62,3.44,2.62,0.78,1.3,-3.56,1.58,-0.04,0.01,-0.43
2026-07-06,0.0,1.04,2.06,2.13,-0.02,-0.86,1.03,-1.63,0.5,-1.48,-1.25,-3.51,-1.45,-0.64,2.53,1.91,0.81,3.66
2026-07-07,-1.03,0.27,-1.42,-1.44,-3.26,-1.0,-2.47,-0.11,-2.99,-2.61,-2.32,-1.32,-3.03,3.14,-0.47,0.14,-2.67,-1.03
2026-07-08,-0.77,0.73,0.49,1.17,-0.91,0.97,-1.21,0.16,-1.31,-2.45,-2.76,-4.48,-2.85,2.97,6.8,0.92,0.59,-2.6
2026-07-09,2.54,8.41,-1.22,-1.27,1.36,6.33,0.43,-0.06,2.13,2.18,1.22,-1.68,-0.57,9.24,-1.84,-0.9,-2.0,-0.34
2026-07-10,-1.96,-5.53,-0.31,-0.16,2.65,-2.66,1.43,3.41,-2.09,2.39,2.88,-0.1,0.52,-7.32,0.91,-0.23,2.0,1.64
2026-07-13,-1.79,-3.42,0.27,0.55,-1.73,-3.29,-0.91,-5.7,-0.95,-6.56,-5.54,-6.67,-4.22,-3.72,-1.54,1.68,-2.68,0.07
2026-07-14,2.15,0.77,2.1,2.56,2.96,2.13,1.17,-1.15,0.32,-2.56,-2.51,2.57,5.54,-0.65,0.45,0.15,0.98,0.0
2026-07-15,-0.2,-4.25,1.34,1.42,4.17,-3.09,3.07,4.02,2.47,-1.49,-1.61,-2.14,-2.07,-6.43,2.19,1.18,2.65,2.46
2026-07-16,-1.85,-4.02,-1.07,-1.32,0.27,-2.9,0.08,3.49,-1.7,-2.11,-0.99,-2.58,-0.96,-7.37,3.91,-1.16,0.61,2.03
2026-07-17,-3.6,-7.12,-0.74,-0.47,-4.78,-8.53,-3.52,-4.57,-1.52,-5.28,-3.66,-5.08,-4.83,-7.22,-4.19,0.83,-2.15,-2.3
2026-07-20,1.53,0.19,3.19,3.73,2.48,2.18,3.25,-0.73,2.11,-0.45,0.49,-2.25,-0.05,-7.01,3.33,2.31,0.89,1.22
2026-07-21,3.06,10.73,-1.09,-1.41,0.8,8.54,0.32,0.49,0.13,3.28,2.09,4.51,4.45,16.63,-0.15,-2.16,-0.15,-1.55
2026-07-22,-0.46,-2.26,1.14,1.56,-0.18,-0.86,0.08,-2.27,-0.58,-0.77,-0.49,-0.74,3.28,-2.84,-3.82,1.14,1.01,-0.03
2026-07-23,0.23,-3.78,0.97,0.87,-0.6,-2.44,-0.21,0.68,1.2,1.73,1.91,2.77,3.23,-4.32,0.97,0.56,0.71,0.33
2026-07-24,-1.67,-0.14,-1.84,-2.03,-3.22,-2.12,-2.21,-4.08,-2.47,-2.41,-1.89,-3.2,-4.83,3.27,-2.42,0.31,-3.15,-2.73
2026-07-27,1.15,1.16,0.55,0.38,2.32,1.65,0.75,3.25,0.37,2.53,1.79,2.55,2.25,4.21,2.48,0.01,2.75,1.14
2026-07-28,-2.83,-6.33,0.07,-0.03,-0.95,-7.59,0.26,0.25,-1.42,-2.74,-2.15,-2.46,-2.01,-6.35,1.21,1.51,0.96,0.18
2026-07-29,0.67,-0.87,1.49,1.25,1.89,-0.63,1.95,2.16,1.68,1.77,1.9,1.26,1.68,-1.25,3.63,0.18,1.55,0.59
2026-07-30,-1.1,-5.38,1.09,1.14,-0.41,-6.42,0.82,-0.55,0.01,-2.1,-1.36,-1.81,-0.77,-7.55,-0.49,2.47,0.83,1.24
2026-07-31,0.85,2.99,-0.18,-0.2,1.74,5.39,0.14,4.2,-0.21,1.78,0.97,1.95,2.09,1.98,0.71,-1.37,0.99,0.22
2026-08-02,-0.98,-5.08,-0.36,-0.7,-0.78,-2.32,-0.68,0.93,-0.1,1.04,1.58,1.43,-0.65,-9.39,2.17,0.53,0.6,0.03
2026-08-03,-0.98,-5.08,-0.36,-0.7,-0.78,-2.32,-0.68,0.93,-0.1,1.04,1.58,1.43,-0.65,-9.39,2.17,0.53,0.6,0.03
2026-08-04,1.27,4.09,-1.62,-1.54,2.24,6.77,0.44,2.79,-0.26,1.31,0.42,2.04,1.44,4.33,0.17,-2.71,-1.5,-1.5
2026-08-05,1.24,4.78,-0.21,-0.23,0.98,1.63,0.47,-0.33,0.66,1.84,0.87,3.56,5.48,9.68,0.41,-1.12,0.27,0.46
2026-08-06,-0.15,0.45,1.2,1.87,-1.86,0.02,-1.33,-1.7,-1.18,0.01,-0.18,0.68,0.7,2.66,-2.36,0.34,-0.61,-0.09
2026-08-07,0.93,2.51,-0.13,-0.08,4.59,1.09,2.18,-0.34,-0.14,1.6,0.7,3.34,3.42,3.39,0.01,-0.66,-0.52,-0.18
2026-08-10,0.16,-0.36,0.99,1.13,1.93,-2.72,1.66,2.11,0.37,1.49,2.38,0.98,1.78,3.64,1.65,0.42,1.35,3.19
2026-08-11,,,-0.54,-0.31,-0.41,,-0.19,-0.08,,,-2.39,-2.49,-4.8,,,-0.06,-1.13,-0.97
