ts_code,erp_code,name,trade_date,latest_close,latest_pct_chg,excess_return_mean,tracking_error,excess_return_5d_ma,excess_return_10d_ma,excess_return_15d_ma,excess_return_20d_ma,ma_trend_slope,turnover_rate,turnover_quantile,is_price_turnover_divergence,turnover_ratio_1w,turnover_ratio_1m,turnover_acceleration,latest_discount_rate,discount_quantile_1y,discount_quantile_3y,change_5d_discount,change_10d_discount,annualized_volatility,volatility_quantile_1y,volatility_quantile_3y,volatility_slope,max_drawdown,max_drawdown_quantile_1y,max_drawdown_quantile_3y,max_drawdown_slope,_latest_discount_rate_streak,_turnover_quantile_streak,_annualized_volatility_streak,_tracking_error_streak,stale_flag,stale_note
510300.SH,000300,510300.SH,2026-09-28,4.417,-2.170542635658912,-0.00028911886751572266,3.575484548447772,0.020564848423325573,0.023070344468703607,0.018109227679322947,0.012780800802226811,-0.0005662651930535389,5326425234.941909,0.038461538461538464,0,4373095288,61378177169,0.2908630839468573,-0.0008383749121972807,0.1078838174273859,0.12430939226519337,-0.00024876514651258556,-0.0009257225996672454,12.493643761299309,0.1037344398340249,0.324822695035461,-0.3210991619529397,0.16251133272892168,1.0,0.8567375886524823,0.0016812803960402016,0.0,0.0,0.0,0.0,False,
588000.SH,000688,588000.SH,2026-09-28,1.643,-4.08639813193229,0.0026840427746762504,4.005153461559555,0.012213603662140176,0.0075758734270465426,-0.009480189402525473,-0.0022740616267865415,-0.0012103811739270435,5664884222.771784,0.038461538461538464,0,7578263060,111544894160,0.27777479278596245,0.00024339783375925273,0.6348547717842323,0.6049723756906077,-4.321724219371085e-05,-0.0007318551224762987,31.457248913719027,0.3775933609958506,0.5957446808510638,-0.6653411527172887,0.31186006825938617,0.9813278008298755,0.9936170212765958,0.0022184300341296956,0.0,0.0,0.0,0.0,False,
515180.SH,000922,515180.SH,2026-09-28,1.399,-0.709723207948898,-0.0015124952437629152,5.246421174500929,-0.06231801272200517,0.00042349633256351935,-0.0028804800196294443,0.005539179940272698,0.004005352032692813,308461353.6721992,0.057692307692307696,0,403003394,6758950114,0.24100995575844114,0.0021398002853066276,0.995850622406639,0.9917127071823204,0.003561264393337901,0.0017914895921683867,12.630011531901681,0.42738589211618255,0.5134751773049645,0.11742860679661411,0.14859437751004,0.3112033195020747,0.2907801418439716,-0.00025666576078755264,0.0,0.0,0.0,0.0,False,
510880.SH,000015,510880.SH,2026-09-28,3.342,-0.44682752457552155,-0.0034242345586480735,5.350612968878813,-0.02109975424099888,0.0012932829465634233,0.00920931922087217,0.0038635281245044824,0.0016561176674163769,598001191.9170125,0.038461538461538464,1,478631350,9046717915,0.20887759145822202,0.0010461814377521557,0.9253112033195021,0.9392265193370166,0.001525596551313558,0.0021295416110898593,14.79090992621208,0.5435684647302904,0.6382978723404256,0.16380018507669497,0.1433607520564036,0.06431535269709543,0.14397163120567377,0.00010565228350801329,0.0,0.0,0.0,0.0,False,
512170.SH,399989,512170.SH,2026-09-28,0.34,-0.2932551319648091,0.0017892258244229546,5.486530762969918,-0.08504424879406565,0.0037486242032711225,-0.02782043927355029,-0.0019218238906609675,0.004355964224667852,601678010.7966805,0.038461538461538464,1,430948928,7101231381,0.24387496620256713,0.0014684287812041128,0.8008298755186722,0.8073204419889503,0.0044182812885787464,-0.000667671310342968,19.064653254516248,0.35684647302904565,0.3404255319148936,-0.8223659433500072,0.37002341920374693,0.5726141078838174,0.44964539007092197,0.0012255463013505557,0.0,0.0,0.0,0.0,False,
515980.SH,931071,515980.SH,2026-09-28,0.966,-4.545454545454552,-0.07236548545851668,30.44417032967776,0.06165336366413508,0.011820512366803149,-0.006917417203024512,-9.691891469471026e-06,-0.004074541924732826,384926146.70124483,0.038461538461538464,0,281796708,3683465823,0.31216068514975187,-0.0026987751712683576,0.07053941908713693,0.10911602209944751,-0.003089629187293546,-0.003201035342036872,28.889206065915,0.1037344398340249,0.30921985815602837,-1.092407317299831,0.5785213167835942,0.3112033195020747,0.7645390070921986,0.0002377773900482402,0.0,0.0,0.0,0.0,False,
510150.SH,000069,510150.SH,2026-09-28,0.486,-0.6134969325153339,0.009560815725978175,5.5539796471739935,-0.0680005357031688,0.007956297443169141,0.011234804241548262,0.007894105110854841,0.004619248584809001,45026262.340248965,0.038461538461538464,0,13580189,353872723,0.1355057553834207,0.0014382576535854406,0.8879668049792531,0.8922651933701657,0.004103830751801491,0.00019241047750572838,14.987531451152632,0.4315352697095436,0.4014184397163121,-0.13429121089750917,0.2638436482084696,0.7510373443983402,0.8581560283687943,0.0015502926697851835,0.0,0.0,0.0,0.0,False,
516620.SH,930781,516620.SH,2026-09-28,0.841,-2.0954598370197974,0.0029150978828996975,6.0384467197616845,-0.015924978496569996,0.01759208367841849,-0.02421853914528131,-0.002858334802053902,-5.2213834803030505e-05,35790079.79253112,0.038461538461538464,0,27447415,940174635,0.10232305518624814,0.001069010571326775,0.8008298755186722,0.744475138121547,0.0020011942115039164,-0.00044561135573831646,38.111993565637114,0.6929460580912863,0.6468085106382979,-0.005088245299077171,0.45239799570508216,0.7302904564315352,0.9078014184397163,-0.0010231376580319908,0.0,0.0,0.0,0.0,False,
512880.SH,399975,512880.SH,2026-09-28,1.025,-2.007648183556421,0.005319742589273828,2.576719487428055,-0.030310617665137946,-0.0014349700248865588,0.0037983505004471284,-0.00017411906222393887,0.0019128563266815142,2349762017.348548,0.038461538461538464,0,1469233899,29451649494,0.1970123079844625,0.00048756704046822713,0.7676348547717843,0.7417127071823204,0.0013397590677382781,0.0003930580148562916,18.94363496417755,0.42738589211618255,0.324822695035461,0.21094074757348097,0.28225806451612867,0.7842323651452282,0.8865248226950354,0.0012507441624589185,0.0,3.0,0.0,0.0,True,turnover_quantile 已连续 3 次未变化
513500.SH,SPY,513500.SH,2026-09-28,2.684,0.0,,,,,,,,376216425.58921164,0.038461538461538464,0,237194081,4919875088,0.18815212769139356,-0.090835196098354,0.08506224066390042,0.03798342541436464,0.007593866248234188,-0.0065714849093719,14.638555530703002,0.3112033195020747,0.47375886524822697,-0.41007630980352966,0.24934036939313942,0.42738589211618255,0.4014184397163121,5.358969778656236e-05,0.0,0.0,0.0,0.0,False,
159696.SZ,QQQ,159696.SZ,2026-09-28,2.088,-0.5240590757503605,,,,,,,,83668080.90041494,0.038461538461538464,1,110703611,1688949417,0.2690149811712939,-0.09399559886828042,0.17842323651452283,0.05939226519337017,0.008680328553245506,-0.0041304778022493716,15.042046009377387,0.1825726141078838,0.30921985815602837,-0.20388250073553993,0.25113562621674296,0.49377593360995853,0.6184397163120567,3.446115288220224e-05,0.0,0.0,0.0,0.0,False,
513080.SH,EWQ,513080.SH,2026-09-28,1.695,-1.0507880910682998,,,,,,,,84045500.48962656,0.038461538461538464,0,40366314,829885029,0.19516302106955796,-0.019487549621075413,0.45643153526970953,0.3112033195020747,0.029078232761103134,0.0006591838131856584,11.180930999881774,0.17012448132780084,0.1278409090909091,0.06217698457927542,0.2030407062285438,0.8879668049792531,0.9303977272727273,0.0017714713463403485,0.0,0.0,0.0,0.0,False,
159561.SZ,EWG,159561.SZ,2026-09-28,1.302,-0.6106870229007688,,,,,,,,117819947.52282158,0.038461538461538464,0,76743467,1275877846,0.22994535338169675,-0.007116336633663442,0.43983402489626555,0.4415807560137457,0.016403160799876873,-0.01526343282919385,12.195689753081817,0.1991701244813278,0.19217081850533807,-0.01471229314700564,0.35671819262782417,0.5518672199170125,0.6209964412811388,0.0016414401044227808,0.0,0.0,0.0,0.0,False,
513880.SH,EWJ,513880.SH,2026-09-28,2.117,-0.047214353163360645,,,,,,,,249637882.08713692,0.057692307692307696,0,196204355,3201334422,0.24225496699693821,-0.030270585945104053,0.6390041493775933,0.27071823204419887,0.00839210529102672,0.012257470758971455,21.45476695351938,0.16597510373443983,0.5588652482269504,-0.25810308701723894,0.22199312714776806,0.5954356846473029,0.7921985815602837,0.00018968015572430347,0.0,0.0,0.0,0.0,False,
520580.SH,EEM,520580.SH,2026-09-28,0.914,-0.6521739130434745,,,,,,,,19573807.427385893,0.038461538461538464,0,3953804,71620894,0.22240380850245953,0.005224205485415668,0.7095435684647303,0.6844783715012722,0.005224205485415668,0.007577650072493215,7.126899475724392,0.04564315352697095,0.05630026809651475,0.024142883588924673,0.1593352883675463,1.0,0.9463806970509383,0.0019939623919084867,0.0,3.0,0.0,0.0,True,turnover_quantile 已连续 3 次未变化
513180.SH,HSTECH,513180.SH,2026-09-28,0.542,-1.2750455373406244,,,,,,,,3987454319.514523,0.038461538461538464,0,1637290235,30928243124,0.21048402289517149,0.0005531993361607356,0.3153526970954357,0.6533149171270718,-0.006984489106050287,-0.0019996817725189816,15.535978791988452,0.016597510373443983,0.00851063829787234,-0.23931169021816703,0.3812785388127832,0.9045643153526971,0.9673758865248226,0.0023122875682356435,0.0,13.0,0.0,0.0,True,turnover_quantile 已连续 13 次未变化
512660.SH,399967,512660.SH,2026-09-28,1.098,-2.7457927369353374,0.002195086147729455,3.0723131274538855,-0.06878746957679574,-0.023038641868022767,-0.0030675488069635956,-0.011870837236103453,0.0038144198016627213,478518633.21161824,0.038461538461538464,0,224150378,5545758444,0.15513469106314648,0.0018181818181818197,0.975103734439834,0.9861878453038674,0.003891436828548058,0.002847517896411439,20.009098607758027,0.12033195020746888,0.1574468085106383,-0.6417779181306712,0.3727705112960764,0.8049792531120332,0.9333333333333333,-0.0006150930238795538,0.0,3.0,0.0,0.0,True,turnover_quantile 已连续 3 次未变化
512710.SH,931066,512710.SH,2026-09-28,0.615,-1.2841091492776902,0.002898948623648544,3.9100991292194833,-0.029633931096704313,-0.044104739464432656,-0.01108904267889829,-0.0066597371018177285,0.002038765575403883,532540462.4771784,0.038461538461538464,0,167470032,5086494340,0.13079197881796856,0.00048756704046801067,0.7676348547717843,0.7603591160220995,0.001587677051469164,0.00462043096209672,20.37408941594759,0.06224066390041494,0.11631205673758865,-0.2626440522275236,0.40245148110316686,0.7925311203319502,0.9290780141843972,-0.0007687758722649475,0.0,8.0,0.0,0.0,True,turnover_quantile 已连续 8 次未变化
516150.SH,930598,516150.SH,2026-09-28,1.572,-3.5582822085889476,0.003671580664893799,4.843754240259376,-0.03310084192111094,-0.0015839276271607887,-0.013898377834661848,0.0011912540979237996,0.0018112367569920636,316476602.3692946,0.038461538461538464,0,93625861,1902976802,0.18903686078178447,0.001460966778885834,0.9336099585062241,0.9019337016574586,0.0019431268560313932,0.0004851190111375748,21.803075207730714,0.04149377593360996,0.1673758865248227,-0.6974060869738887,0.3294321629822275,0.91701244813278,0.9716312056737588,0.0021106081197792927,0.0,13.0,0.0,0.0,True,turnover_quantile 已连续 13 次未变化
512400.SH,000819,512400.SH,2026-09-28,1.593,-3.9203860072376306,-0.0016353291649799093,5.174939522358333,-0.006345803336872996,-0.00706648590646318,-0.2853835097658356,-0.21161110812757755,-0.017882258764629726,1358467376.240664,0.038461538461538464,0,891540866,14511421944,0.2285198621774735,0.0001255335174491451,0.6141078838174274,0.6022099447513812,0.0004720738894024395,0.0006959841734674633,27.830194068975313,0.024896265560165973,0.4425531914893617,-0.7940245740114509,0.38612716763005756,1.0,1.0,0.0049690700740290085,0.0,0.0,0.0,0.0,False,
588710.SH,950125,588710.SH,2026-09-28,0.968,-4.630541871921179,-0.2163065179620535,62.19100385641942,0.007912657440736815,0.011759827471049946,-0.028017348515025495,-0.006191084133541777,-0.0016417680141782246,624156286.5145228,0.5384615384615384,0,1353018502,18715173738,0.2957214092555518,0.0008257638315442021,0.8381742738589212,0.8240740740740741,-0.00040611335977566623,-0.001329408582248903,44.35213277469499,0.48132780082987553,0.5328947368421053,-14.25678753568075,0.7874507987960176,0.9813278008298755,0.9851973684210527,0.000892889784080466,0.0,0.0,0.0,0.0,False,
513770.SH,931637,513770.SH,2026-09-28,0.331,-0.6006006006005982,-0.03363262919025881,35.84806848545442,-0.32065975284472115,-0.13466357966892023,-0.058190841215772386,-0.07361206681720833,0.016352315930713728,594084770.2406639,0.038461538461538464,0,400003108,6074514174,0.26423298257550504,0.0015082956259426861,0.31950207468879666,0.6588397790055248,0.0006082056169418852,-0.008009848335984681,20.194553918852076,0.11203319502074689,0.06382978723404255,-0.009478135868929632,0.741591468416735,0.8879668049792531,0.9617021276595744,0.0010756999142647217,0.0,0.0,0.0,0.0,False,
512800.SH,399986,512800.SH,2026-09-28,0.835,-0.47675804529201393,-0.053159970595861666,29.682199322549152,-0.012513016363257412,0.036949362239244256,0.007739916048925544,-0.006120443796295666,-0.00020063456978866923,963049535.5020747,0.038461538461538464,1,1146305387,16964027645,0.2739598185910251,0.0016738402678145238,0.9585062240663901,0.9765193370165746,0.0023929198459544253,-0.0007993666571648552,15.158605256914438,0.5560165975103735,0.5361702127659574,0.036627335499230466,0.5869442881260549,0.02074688796680498,0.6368794326241135,-0.0009659771262709323,0.0,0.0,0.0,0.0,False,
159766.SZ,930633,159766.SZ,2026-09-28,0.536,-1.2891344383057057,0.0032638279577809695,3.4705937149644406,-0.024833157539067802,0.0037505641535532513,-0.021057431838865246,-0.003748320100856556,0.0007689303264443048,256174384.82572615,0.038461538461538464,0,169452466,3314263177,0.20514583967488975,0.0009319664492077259,0.8547717842323651,0.8066298342541437,0.0016610951404218473,0.0005743126580775794,18.87636109469902,0.17427385892116182,0.2907801418439716,0.15137595927024458,0.3643966547192355,0.91701244813278,0.9716312056737588,0.0009495063824435774,0.0,0.0,0.0,0.0,False,
159172.SZ,931946,159172.SZ,2026-09-28,0.822,0.7352941176470562,0.01268138627826807,3.900303128653983,-0.05915790655528069,-0.022151775633407728,0.0022082744522992194,-0.007345934486378038,0.0035959193258482984,14613722.48091603,,0,9100561,218274128,0.1638554407329814,0.0012150668286755784,0.8625954198473282,0.8625954198473282,0.003260056603726611,0.0033297284828109446,21.847719084483703,0.5675675675675675,0.5675675675675675,-0.02028955120826411,0.23700623700623677,0.4009009009009009,0.4009009009009009,-0.00044628202522939235,0.0,0.0,0.0,0.0,False,
159755.SZ,980032,159755.SZ,2026-09-28,0.832,-2.8037383177570097,,,,,,,,739751451.219917,0.038461538461538464,0,210571705,4408376554,0.1861681983451152,0.002039102794770343,0.970954356846473,0.9350828729281768,0.002837915986599664,0.0006569327878595173,19.419434951317303,0.03319502074688797,0.062411347517730496,-0.37240333457142516,0.34488188976377976,1.0,1.0,0.0029418033272156706,0.0,3.0,0.0,0.0,True,turnover_quantile 已连续 3 次未变化
